Bairro;Valor;Area;Tipo;Su√≠te;Quarto;Vaga
asa-norte;215503.0;25.0;Kitnet;;1.0;1.0
asa-norte;320000.0;42.0;Apartamento;1.0;1.0;
asa-norte;860000.0;80.0;Apartamento;;2.0;1.0
asa-norte;165000.0;27.0;Apartamento;;1.0;
asa-norte;1190000.0;103.0;Apartamento;1.0;3.0;1.0
asa-norte;560000.0;68.0;Apartamento;1.0;2.0;
asa-norte;1365000.0;123.0;Apartamento;1.0;3.0;1.0
asa-norte;425000.0;67.0;Apartamento;;2.0;
asa-norte;494000.0;42.0;Apartamento;;1.0;1.0
asa-norte;1299900.0;119.0;Apartamento;1.0;3.0;1.0
asa-norte;649000.0;75.0;Apartamento;;3.0;
asa-norte;335000.0;49.0;Apartamento;;1.0;
asa-norte;120000.0;20.0;Kitnet;;1.0;
asa-norte;670860.0;40.0;Apartamento;1.0;1.0;1.0
asa-norte;1660000.0;158.0;Apartamento;2.0;4.0;2.0
asa-norte;2100000.0;166.0;Apartamento;1.0;4.0;2.0
asa-norte;1350000.0;140.0;Apartamento;2.0;2.0;2.0
asa-norte;990000.0;161.0;Casa;1.0;3.0;2.0
asa-norte;594000.0;39.0;Apartamento;1.0;1.0;1.0
asa-norte;205000.0;30.0;Kitnet;;1.0;
asa-norte;130000.0;29.0;Apartamento;1.0;1.0;
asa-norte;180000.0;27.0;Apartamento;;1.0;
asa-norte;1400000.0;131.0;Apartamento;1.0;3.0;1.0
asa-norte;1299000.0;123.0;Apartamento;1.0;3.0;1.0
asa-norte;280000.0;43.0;Kitnet;;1.0;
asa-norte;1050000.0;111.0;Apartamento;1.0;3.0;1.0
asa-norte;220000.0;29.0;Kitnet;;1.0;
asa-norte;450000.0;31.0;Apartamento;1.0;1.0;2.0
asa-norte;1380000.0;220.0;Casa;1.0;3.0;3.0
asa-norte;850000.0;76.0;Apartamento;1.0;3.0;
asa-norte;267965.0;29.0;Kitnet;1.0;1.0;1.0
asa-norte;1079000.0;80.0;Apartamento;1.0;2.0;1.0
asa-norte;1490000.0;135.0;Apartamento;1.0;4.0;1.0
asa-norte;1145000.0;74.0;Apartamento;1.0;2.0;2.0
asa-norte;1723000.0;127.0;Apartamento;3.0;3.0;3.0
asa-norte;749500.0;91.0;Apartamento;1.0;3.0;
asa-norte;2000000.0;163.0;Apartamento;2.0;3.0;
asa-norte;290000.0;42.0;Apartamento;;1.0;
asa-norte;2200000.0;194.0;Apartamento;2.0;4.0;2.0
asa-sul;2200000.0;175.0;Apartamento;1.0;3.0;1.0
asa-sul;1270000.0;154.0;Apartamento;1.0;3.0;
asa-sul;1550000.0;178.0;Apartamento;1.0;3.0;
asa-sul;1490000.0;293.0;Casa;1.0;4.0;4.0
asa-sul;895000.0;100.0;Apartamento;;2.0;
asa-sul;628504.0;48.0;Apartamento;1.0;1.0;1.0
asa-sul;2300000.0;480.0;Casa;4.0;5.0;2.0
asa-sul;1450000.0;247.0;Casa;2.0;7.0;2.0
asa-sul;1300000.0;85.0;Apartamento;;3.0;1.0
asa-sul;1900000.0;170.0;Apartamento;1.0;4.0;1.0
asa-sul;1700000.0;476.0;Casa;3.0;5.0;1.0
asa-sul;560000.0;56.0;Apartamento;;1.0;1.0
asa-sul;230000.0;26.0;Kitnet;;1.0;
asa-sul;1400000.0;154.0;Apartamento;1.0;3.0;
asa-sul;550000.0;60.0;Apartamento;;2.0;
asa-sul;1250000.0;104.0;Apartamento;2.0;3.0;1.0
asa-sul;1595000.0;120.0;Apartamento;1.0;3.0;1.0
asa-sul;360000.0;54.0;Apartamento;;1.0;
asa-sul;412000.0;35.0;Apartamento;1.0;1.0;
asa-sul;1250000.0;320.0;Casa;2.0;4.0;1.0
asa-sul;1215000.0;108.0;Apartamento;1.0;3.0;1.0
asa-sul;2200000.0;158.0;Apartamento;2.0;3.0;1.0
asa-sul;1050000.0;54.0;Apartamento;1.0;1.0;1.0
asa-sul;1650000.0;172.0;Apartamento;1.0;3.0;1.0
asa-sul;1450000.0;348.0;Casa;1.0;4.0;1.0
asa-sul;1790000.0;178.0;Apartamento;1.0;4.0;1.0
asa-sul;490000.0;63.0;Apartamento;;3.0;
asa-sul;2000000.0;160.0;Apartamento;1.0;3.0;1.0
asa-sul;495000.0;57.0;Apartamento;1.0;2.0;
asa-sul;1270000.0;134.0;Apartamento;;3.0;
asa-sul;1280000.0;160.0;Apartamento;;3.0;
asa-sul;1900000.0;170.0;Apartamento;1.0;4.0;1.0
asa-sul;1240000.0;100.0;Apartamento;1.0;2.0;1.0
asa-sul;300000.0;48.0;Apartamento;1.0;1.0;
asa-sul;1297000.0;279.0;Casa;1.0;5.0;2.0
asa-sul;1250000.0;170.0;Casa;1.0;3.0;1.0
asa-sul;820000.0;85.0;Apartamento;1.0;2.0;
asa-sul;1290000.0;140.0;Apartamento;1.0;3.0;
asa-sul;880000.0;80.0;Apartamento;3.0;3.0;
asa-sul;1900000.0;156.0;Apartamento;1.0;4.0;1.0
asa-sul;520000.0;50.0;Apartamento;1.0;1.0;
asa-sul;2500000.0;236.0;Apartamento;1.0;3.0;1.0
jardim-botanico;980000.0;254.0;Casa;3.0;3.0;2.0
jardim-botanico;1100000.0;237.0;Casa;3.0;3.0;2.0
jardim-botanico;1200000.0;533.0;Casa;2.0;4.0;4.0
jardim-botanico;1750000.0;530.0;Casa;4.0;4.0;2.0
jardim-botanico;2325000.0;300.0;Casa;4.0;4.0;3.0
jardim-botanico;2400000.0;450.0;Casa;3.0;3.0;4.0
jardim-botanico;1490000.0;380.0;Casa;2.0;5.0;4.0
jardim-botanico;1850000.0;750.0;Casa;4.0;4.0;
jardim-botanico;3288000.0;500.0;Casa;2.0;6.0;4.0
jardim-botanico;850000.0;330.0;Casa;2.0;4.0;2.0
jardim-botanico;1250000.0;430.0;Casa;4.0;4.0;4.0
jardim-botanico;3100000.0;800.0;Casa;4.0;4.0;4.0
jardim-botanico;1390000.0;300.0;Casa;3.0;3.0;2.0
jardim-botanico;1790000.0;400.0;Casa;2.0;4.0;4.0
jardim-botanico;1700000.0;540.0;Casa;3.0;4.0;3.0
jardim-botanico;2490000.0;502.0;Casa;4.0;4.0;
jardim-botanico;1150000.0;600.0;Casa;4.0;4.0;6.0
jardim-botanico;1700000.0;350.0;Casa;3.0;3.0;3.0
jardim-botanico;2250000.0;421.0;Casa;2.0;4.0;3.0
jardim-botanico;2680000.0;450.0;Casa;3.0;4.0;4.0
jardim-botanico;1090000.0;300.0;Casa;3.0;3.0;4.0
jardim-botanico;2720000.0;490.0;Casa;4.0;5.0;2.0
jardim-botanico;2500000.0;475.0;Casa;4.0;4.0;4.0
jardim-botanico;1540000.0;200.0;Casa;3.0;3.0;2.0
jardim-botanico;980000.0;800.0;Casa;5.0;6.0;6.0
jardim-botanico;1650000.0;450.0;Casa;5.0;5.0;2.0
jardim-botanico;1147000.0;320.0;Casa;3.0;4.0;4.0
jardim-botanico;1600000.0;582.0;Casa;2.0;5.0;4.0
jardim-botanico;1250000.0;350.0;Casa;1.0;3.0;2.0
jardim-botanico;870000.0;250.0;Casa;1.0;2.0;2.0
jardim-botanico;680000.0;75.0;Casa;;1.0;3.0
jardim-botanico;1200000.0;400.0;Casa;4.0;4.0;3.0
jardim-botanico;1900000.0;500.0;Casa;4.0;4.0;4.0
jardim-botanico;1500000.0;468.0;Casa;3.0;5.0;4.0
jardim-botanico;1040000.0;200.0;Casa;3.0;3.0;2.0
jardim-botanico;3900000.0;770.0;Casa;4.0;4.0;4.0
jardim-botanico;1300000.0;325.0;Casa;3.0;3.0;2.0
jardim-botanico;1200000.0;200.0;Casa;3.0;3.0;2.0
jardim-botanico;1490000.0;300.0;Casa;3.0;3.0;1.0
jardim-botanico;1150000.0;391.0;Casa;3.0;5.0;4.0
jardim-botanico;2220000.0;388.0;Casa;3.0;4.0;6.0
jardim-botanico;2500000.0;400.0;Casa;2.0;4.0;2.0
jardim-botanico;790000.0;380.0;Casa;1.0;4.0;2.0
jardim-botanico;1700000.0;300.0;Casa;3.0;4.0;4.0
jardim-botanico;2790000.0;960.0;Casa;4.0;4.0;9.0
jardim-botanico;1995000.0;340.0;Casa;3.0;3.0;5.0
jardim-botanico;930000.0;230.0;Casa;1.0;3.0;
jardim-botanico;1150000.0;245.0;Casa;1.0;3.0;
jardim-botanico;984000.0;190.0;Casa;2.0;3.0;2.0
jardim-botanico;1920000.0;400.0;Casa;4.0;4.0;3.0
jardim-botanico;1450000.0;270.0;Casa;3.0;3.0;
noroeste;930000.0;74.0;Apartamento;1.0;2.0;2.0
noroeste;1060000.0;76.0;Apartamento;2.0;2.0;1.0
noroeste;2461222.0;224.0;Apartamento;2.0;4.0;3.0
noroeste;2564746.0;194.0;Apartamento;4.0;4.0;4.0
noroeste;2952999.0;215.0;Apartamento;4.0;4.0;5.0
noroeste;1075000.0;78.0;Apartamento;1.0;2.0;2.0
noroeste;2095349.0;143.0;Apartamento;2.0;4.0;3.0
noroeste;535000.0;33.0;Apartamento;;1.0;1.0
noroeste;498000.0;33.0;Apartamento;1.0;1.0;1.0
noroeste;1076929.0;86.0;Apartamento;1.0;2.0;1.0
noroeste;1150000.0;79.0;Apartamento;1.0;2.0;2.0
noroeste;899000.0;68.0;Apartamento;1.0;2.0;1.0
noroeste;1150000.0;79.0;Apartamento;1.0;2.0;2.0
noroeste;2768000.0;215.0;Apartamento;4.0;4.0;5.0
noroeste;2727246.0;196.0;Apartamento;4.0;4.0;4.0
noroeste;1607875.0;109.0;Apartamento;2.0;3.0;2.0
noroeste;3731117.0;336.0;Apartamento;4.0;4.0;4.0
noroeste;2441685.0;194.0;Apartamento;4.0;4.0;4.0
noroeste;2017350.0;142.0;Apartamento;4.0;4.0;3.0
noroeste;2815993.0;210.0;Apartamento;4.0;4.0;4.0
noroeste;2806376.0;196.0;Apartamento;4.0;4.0;4.0
noroeste;962492.0;64.0;Apartamento;1.0;2.0;2.0
noroeste;2767725.0;215.0;Apartamento;4.0;4.0;5.0
noroeste;2441685.0;194.0;Apartamento;4.0;4.0;5.0
noroeste;2107910.0;147.0;Apartamento;;4.0;
noroeste;560000.0;36.0;Apartamento;1.0;1.0;1.0
noroeste;519000.0;34.0;Apartamento;;1.0;1.0
noroeste;3050000.0;298.0;Apartamento;4.0;4.0;4.0
noroeste;510000.0;33.0;Apartamento;;1.0;1.0
noroeste;1446240.0;103.0;Apartamento;1.0;3.0;2.0
noroeste;1404908.0;103.0;Apartamento;1.0;3.0;2.0
noroeste;3050000.0;298.0;Apartamento;4.0;4.0;4.0
noroeste;1411624.0;103.0;Apartamento;1.0;3.0;2.0
noroeste;1992870.0;182.0;Apartamento;1.0;2.0;2.0
noroeste;1145716.0;78.0;Apartamento;1.0;2.0;2.0
noroeste;2441685.0;196.0;Apartamento;4.0;4.0;5.0
noroeste;5600000.0;520.0;Apartamento;4.0;4.0;5.0
noroeste;2461960.0;224.0;Apartamento;1.0;3.0;3.0
noroeste;1450000.0;109.0;Apartamento;1.0;3.0;2.0
noroeste;2693224.0;202.0;Apartamento;3.0;3.0;3.0
noroeste;2195000.0;192.0;Apartamento;;4.0;
noroeste;2441685.0;194.0;Apartamento;4.0;4.0;5.0
noroeste;1090000.0;76.0;Apartamento;2.0;2.0;1.0
noroeste;2300000.0;209.0;Apartamento;1.0;2.0;2.0
noroeste;2254360.0;157.0;Apartamento;;3.0;
noroeste;928219.0;74.0;Apartamento;2.0;2.0;1.0
noroeste;1404908.0;103.0;Apartamento;1.0;3.0;2.0
noroeste;1490000.0;109.0;Apartamento;1.0;3.0;2.0
noroeste;2441685.0;194.0;Apartamento;4.0;4.0;5.0
noroeste;2250000.0;201.0;Apartamento;2.0;3.0;2.0
noroeste;2950000.0;297.0;Apartamento;4.0;4.0;4.0
noroeste;4085717.0;293.0;Apartamento;;4.0;
noroeste;1130000.0;74.0;Apartamento;1.0;2.0;2.0
noroeste;1120000.0;76.0;Apartamento;1.0;2.0;1.0
noroeste;1050000.0;82.0;Apartamento;1.0;2.0;1.0
noroeste;5000000.0;220.0;Apartamento;2.0;2.0;4.0
noroeste;1890000.0;155.0;Apartamento;3.0;3.0;2.0
noroeste;1144655.0;86.0;Apartamento;1.0;2.0;1.0
noroeste;1799000.0;151.0;Apartamento;1.0;4.0;3.0
noroeste;2100000.0;200.0;Apartamento;1.0;3.0;3.0
noroeste;550000.0;44.0;Apartamento;;2.0;2.0
noroeste;410000.0;32.0;Apartamento;1.0;1.0;1.0
noroeste;2500000.0;203.0;Apartamento;3.0;4.0;3.0
noroeste;2988692.0;229.0;Apartamento;3.0;3.0;3.0
lago-norte;1190000.0;131.0;Apartamento;1.0;3.0;1.0
lago-norte;2200000.0;570.0;Casa;4.0;9.0;4.0
lago-norte;756000.0;61.0;Apartamento;1.0;2.0;1.0
lago-norte;2500000.0;380.0;Casa;3.0;4.0;2.0
lago-norte;210000.0;29.0;Kitnet;1.0;1.0;1.0
lago-norte;370000.0;49.0;Apartamento;1.0;2.0;
lago-norte;5390000.0;1440.0;Casa;8.0;9.0;10.0
lago-norte;3200000.0;533.0;Casa;5.0;5.0;4.0
lago-norte;370000.0;38.0;Apartamento;;2.0;1.0
lago-norte;3415000.0;450.0;Casa;2.0;4.0;4.0
lago-norte;3200000.0;533.0;Casa;5.0;5.0;4.0
lago-norte;361670.0;30.0;Kitnet;;1.0;1.0
lago-norte;349000.0;30.0;Apartamento;;1.0;1.0
lago-norte;429900.0;45.0;Apartamento;1.0;1.0;1.0
lago-norte;4500000.0;736.0;Casa;5.0;5.0;8.0
lago-norte;2900000.0;900.0;Casa;3.0;5.0;7.0
lago-norte;2630000.0;847.0;Casa;1.0;4.0;4.0
lago-norte;2850000.0;564.0;Casa;2.0;4.0;4.0
lago-norte;1280000.0;460.0;Casa;2.0;4.0;4.0
lago-norte;2700000.0;650.0;Casa;5.0;5.0;4.0
lago-norte;550000.0;60.0;Apartamento;1.0;1.0;
lago-norte;2500000.0;602.0;Casa;4.0;6.0;4.0
lago-norte;395000.0;48.0;Apartamento;1.0;2.0;
lago-norte;1100000.0;270.0;Casa;1.0;2.0;1.0
lago-norte;1950000.0;400.0;Casa;3.0;4.0;3.0
lago-norte;2425000.0;300.0;Casa;4.0;4.0;2.0
lago-norte;4500000.0;680.0;Casa;3.0;5.0;5.0
lago-norte;3200000.0;441.0;Casa;4.0;4.0;3.0
lago-norte;650000.0;60.0;Apartamento;1.0;1.0;1.0
lago-norte;5450000.0;620.0;Casa;4.0;4.0;3.0
lago-norte;2200000.0;523.0;Casa;5.0;5.0;5.0
lago-norte;6000000.0;1900.0;Casa;4.0;4.0;6.0
lago-norte;580000.0;59.0;Apartamento;;2.0;1.0
lago-norte;190000.0;30.0;Kitnet;;1.0;
lago-norte;1800000.0;351.0;Casa;1.0;5.0;6.0
lago-norte;2800000.0;600.0;Casa;2.0;4.0;2.0
lago-norte;5200000.0;1159.0;Casa;5.0;5.0;4.0
lago-norte;280000.0;28.0;Kitnet;;1.0;
lago-norte;2850000.0;400.0;Casa;1.0;3.0;5.0
lago-norte;5950000.0;700.0;Casa;4.0;4.0;8.0
lago-norte;2200000.0;486.0;Casa;4.0;4.0;5.0
lago-norte;12000000.0;422.0;Casa;3.0;3.0;5.0
lago-norte;2499000.0;603.0;Casa;3.0;6.0;10.0
lago-norte;2700000.0;890.0;Casa;4.0;4.0;3.0
lago-norte;5950000.0;650.0;Casa;4.0;4.0;8.0
lago-norte;2237500.0;250.0;Casa;3.0;3.0;2.0
lago-norte;365657.0;30.0;Apartamento;;1.0;1.0
lago-norte;2400000.0;600.0;Casa;6.0;6.0;6.0
lago-norte;4800000.0;830.0;Casa;4.0;5.0;3.0
lago-norte;410000.0;180.0;Casa;;3.0;4.0
lago-norte;2800000.0;994.0;Casa;3.0;5.0;3.0
lago-norte;4600000.0;587.0;Casa;4.0;5.0;3.0
lago-norte;2275000.0;300.0;Casa;4.0;4.0;2.0
lago-norte;2250000.0;526.0;Casa;4.0;4.0;10.0
lago-norte;7900000.0;1100.0;Casa;5.0;5.0;4.0
lago-norte;5199999.0;504.0;Casa;5.0;5.0;4.0
lago-sul;4200000.0;1279.0;Casa;5.0;6.0;7.0
lago-sul;2850000.0;487.0;Casa;4.0;4.0;4.0
lago-sul;5200000.0;675.0;Casa;5.0;5.0;5.0
lago-sul;6799000.0;1482.0;Casa;4.0;4.0;8.0
lago-sul;5200000.0;720.0;Casa;5.0;5.0;8.0
lago-sul;6200000.0;694.0;Casa;6.0;6.0;10.0
lago-sul;6150000.0;682.0;Casa;4.0;5.0;3.0
lago-sul;4500000.0;550.0;Casa;4.0;4.0;4.0
lago-sul;3250000.0;700.0;Casa;4.0;4.0;4.0
lago-sul;5390000.0;1000.0;Casa;5.0;5.0;6.0
lago-sul;4750000.0;620.0;Casa;4.0;4.0;4.0
lago-sul;9500000.0;933.0;Casa;5.0;5.0;3.0
lago-sul;5400000.0;700.0;Casa;4.0;4.0;4.0
lago-sul;5200000.0;688.0;Casa;4.0;4.0;2.0
lago-sul;2290000.0;383.0;Casa;2.0;4.0;4.0
lago-sul;6900000.0;710.0;Casa;5.0;5.0;3.0
lago-sul;7300000.0;980.0;Casa;5.0;5.0;4.0
lago-sul;4600000.0;600.0;Casa;5.0;5.0;6.0
lago-sul;3380000.0;600.0;Casa;4.0;4.0;2.0
lago-sul;5100000.0;637.0;Casa;5.0;5.0;4.0
lago-sul;5400000.0;627.0;Casa;6.0;6.0;8.0
lago-sul;2325000.0;300.0;Casa;4.0;4.0;4.0
lago-sul;3970000.0;965.0;Casa;3.0;6.0;20.0
lago-sul;2290000.0;513.0;Casa;2.0;4.0;4.0
lago-sul;5000000.0;760.0;Casa;4.0;7.0;2.0
lago-sul;8500000.0;910.0;Casa;4.0;6.0;5.0
lago-sul;2500000.0;782.0;Casa;5.0;5.0;3.0
lago-sul;2990000.0;560.0;Casa;1.0;5.0;
lago-sul;10000000.0;1550.0;Casa;3.0;5.0;3.0
lago-sul;2999999.0;660.0;Casa;5.0;6.0;4.0
lago-sul;2490000.0;450.0;Casa;2.0;4.0;2.0
lago-sul;2600000.0;550.0;Casa;4.0;4.0;5.0
lago-sul;2445000.0;300.0;Casa;4.0;4.0;4.0
lago-sul;3850000.0;1080.0;Casa;2.0;4.0;8.0
lago-sul;4479000.0;412.0;Casa;4.0;4.0;4.0
lago-sul;9800000.0;639.0;Casa;;2.0;3.0
lago-sul;3400000.0;520.0;Casa;5.0;5.0;4.0
lago-sul;4490000.0;495.0;Casa;5.0;6.0;16.0
lago-sul;9999000.0;20000.0;Casa;5.0;5.0;10.0
lago-sul;4535000.0;500.0;Casa;5.0;5.0;6.0
lago-sul;3562500.0;350.0;Casa;4.0;4.0;6.0
lago-sul;10000000.0;1500.0;Casa;5.0;5.0;4.0
lago-sul;3700000.0;510.0;Casa;;9.0;6.0
lago-sul;15000000.0;1700.0;Casa;5.0;5.0;8.0
lago-sul;4200000.0;274.0;Casa;1.0;3.0;22.0
lago-sul;3100000.0;548.0;Casa;4.0;5.0;6.0
lago-sul;4980000.0;1200.0;Casa;4.0;7.0;40.0
lago-sul;12000000.0;1218.0;Casa;8.0;8.0;4.0
lago-sul;3600000.0;600.0;Casa;5.0;5.0;4.0
lago-sul;5200000.0;800.0;Casa;5.0;5.0;4.0
lago-sul;3300000.0;500.0;Casa;3.0;4.0;6.0
lago-sul;6000000.0;800.0;Casa;5.0;5.0;4.0
lago-sul;3887500.0;450.0;Casa;4.0;4.0;4.0
lago-sul;1480000.0;500.0;Casa;2.0;4.0;4.0
lago-sul;4100000.0;700.0;Casa;5.0;6.0;4.0
lago-sul;2568750.0;325.0;Casa;4.0;4.0;4.0
park-way;3600000.0;808.0;Casa;3.0;4.0;3.0
park-way;3200000.0;500.0;Casa;4.0;4.0;4.0
park-way;3450000.0;1100.0;Casa;5.0;5.0;6.0
park-way;6990000.0;1520.0;Casa;7.0;7.0;8.0
park-way;4370000.0;650.0;Casa;4.0;4.0;9.0
park-way;3300000.0;860.0;Casa;5.0;6.0;6.0
park-way;3000000.0;611.0;Casa;4.0;4.0;4.0
park-way;2190000.0;420.0;Casa;2.0;3.0;3.0
park-way;3350000.0;1800.0;Casa;4.0;4.0;4.0
park-way;4075000.0;500.0;Casa;5.0;5.0;4.0
park-way;2999000.0;1000.0;Casa;4.0;6.0;4.0
park-way;3100000.0;667.0;Casa;5.0;5.0;4.0
park-way;4100000.0;650.0;Casa;2.0;4.0;
park-way;4700000.0;840.0;Casa;5.0;5.0;6.0
park-way;3200000.0;420.0;Casa;3.0;4.0;
park-way;500000.0;400.0;Casa;1.0;2.0;
park-way;2480000.0;478.0;Casa;2.0;4.0;4.0
park-way;1600000.0;280.0;Casa;4.0;4.0;4.0
park-way;1590000.0;802.0;Casa;5.0;5.0;8.0
park-way;2970000.0;924.0;Casa;4.0;6.0;10.0
park-way;1400000.0;300.0;Casa;2.0;3.0;1.0
park-way;3125000.0;300.0;Casa;4.0;4.0;2.0
park-way;1700000.0;360.0;Casa;3.0;3.0;2.0
park-way;2200000.0;740.0;Casa;5.0;5.0;6.0
park-way;2930000.0;680.0;Casa;3.0;5.0;6.0
park-way;3500000.0;583.0;Casa;4.0;4.0;4.0
park-way;1850000.0;470.0;Casa;4.0;4.0;4.0
park-way;2699000.0;533.0;Casa;5.0;6.0;5.0
park-way;1750000.0;500.0;Casa;4.0;4.0;6.0
park-way;6500000.0;860.0;Casa;5.0;5.0;4.0
park-way;2400000.0;450.0;Casa;4.0;4.0;4.0
park-way;4900000.0;850.0;Casa;4.0;4.0;4.0
park-way;2480000.0;478.0;Casa;2.0;4.0;5.0
park-way;2900000.0;470.0;Casa;;4.0;4.0
park-way;1780000.0;950.0;Casa;5.0;9.0;6.0
park-way;2450000.0;480.0;Casa;4.0;5.0;6.0
park-way;3989000.0;790.0;Casa;3.0;4.0;3.0
park-way;4750000.0;2500.0;Casa;2.0;4.0;12.0
park-way;2100000.0;500.0;Casa;2.0;4.0;3.0
park-way;2500000.0;550.0;Casa;4.0;4.0;4.0
park-way;1790000.0;650.0;Casa;4.0;4.0;5.0
park-way;6500000.0;1000.0;Casa;4.0;4.0;
park-way;1990000.0;458.0;Casa;4.0;4.0;
park-way;1890000.0;403.0;Casa;2.0;4.0;4.0
park-way;3350000.0;800.0;Casa;4.0;4.0;4.0
park-way;3300000.0;600.0;Casa;1.0;3.0;4.0
park-way;2700000.0;800.0;Casa;4.0;4.0;4.0
park-way;2100000.0;580.0;Casa;4.0;6.0;5.0
park-way;2200000.0;610.0;Casa;3.0;4.0;4.0
park-way;4100000.0;670.0;Casa;4.0;4.0;5.0
park-way;3450000.0;1100.0;Casa;5.0;5.0;6.0
park-way;2100000.0;450.0;Casa;1.0;4.0;
sudoeste;520000.0;60.0;Apartamento;;2.0;
sudoeste;550000.0;62.0;Apartamento;;2.0;
sudoeste;3525000.0;261.0;Apartamento;4.0;4.0;3.0
sudoeste;2890000.0;308.0;Apartamento;4.0;4.0;4.0
sudoeste;2980000.0;320.0;Apartamento;3.0;4.0;2.0
sudoeste;3100000.0;259.0;Apartamento;4.0;4.0;3.0
sudoeste;5850000.0;397.0;Apartamento;4.0;4.0;4.0
sudoeste;260000.0;34.0;Kitnet;;1.0;
sudoeste;2300000.0;286.0;Apartamento;3.0;4.0;4.0
sudoeste;1180000.0;98.0;Apartamento;1.0;3.0;1.0
sudoeste;8600000.0;598.0;Apartamento;4.0;4.0;6.0
sudoeste;2090000.0;161.0;Apartamento;2.0;4.0;2.0
sudoeste;560000.0;55.0;Apartamento;1.0;1.0;1.0
sudoeste;4038609.0;230.0;Apartamento;4.0;4.0;4.0
sudoeste;3300000.0;250.0;Apartamento;2.0;4.0;3.0
sudoeste;930000.0;88.0;Apartamento;;2.0;1.0
sudoeste;1060000.0;78.0;Apartamento;1.0;2.0;1.0
sudoeste;2300000.0;180.0;Apartamento;3.0;4.0;2.0
sudoeste;1060000.0;78.0;Apartamento;1.0;3.0;1.0
sudoeste;1680000.0;154.0;Apartamento;2.0;4.0;2.0
sudoeste;255000.0;26.0;Kitnet;1.0;1.0;1.0
sudoeste;560000.0;55.0;Apartamento;;1.0;1.0
sudoeste;2534856.0;172.0;Apartamento;4.0;4.0;3.0
sudoeste;519000.0;61.0;Apartamento;1.0;2.0;
sudoeste;1370000.0;112.0;Apartamento;1.0;3.0;1.0
sudoeste;3320211.0;236.0;Apartamento;4.0;4.0;4.0
sudoeste;1050000.0;91.0;Apartamento;1.0;3.0;1.0
sudoeste;2900000.0;245.0;Apartamento;2.0;4.0;3.0
sudoeste;620000.0;61.0;Apartamento;;2.0;
sudoeste;2850000.0;198.0;Apartamento;3.0;4.0;2.0
sudoeste;2730480.0;178.0;Apartamento;4.0;4.0;3.0
sudoeste;1230000.0;97.0;Apartamento;1.0;3.0;2.0
sudoeste;285000.0;28.0;Kitnet;1.0;1.0;
sudoeste;670000.0;62.0;Apartamento;1.0;2.0;
sudoeste;159000.0;23.0;Kitnet;;1.0;
sudoeste;3320000.0;236.0;Apartamento;4.0;4.0;4.0
sudoeste;1100000.0;90.0;Apartamento;1.0;3.0;1.0
sudoeste;680000.0;68.0;Apartamento;;2.0;1.0
sudoeste;2495000.0;202.0;Apartamento;2.0;4.0;2.0
sudoeste;3950000.0;346.0;Apartamento;3.0;3.0;3.0
sudoeste;230000.0;25.0;Kitnet;;1.0;1.0
sudoeste;259000.0;33.0;Apartamento;1.0;1.0;
sudoeste;3450000.0;287.0;Apartamento;4.0;4.0;4.0
sudoeste;1670000.0;147.0;Apartamento;1.0;4.0;2.0
sudoeste;230000.0;27.0;Apartamento;1.0;1.0;
sudoeste;5200000.0;437.0;Apartamento;4.0;4.0;4.0
sudoeste;950000.0;87.0;Apartamento;;3.0;1.0
sudoeste;1349000.0;125.0;Apartamento;1.0;3.0;1.0
sudoeste;2500000.0;202.0;Apartamento;1.0;4.0;2.0
sudoeste;1170000.0;92.0;Apartamento;1.0;3.0;1.0
sudoeste;345000.0;42.0;Apartamento;;1.0;1.0
sudoeste;7868749.0;548.0;Apartamento;4.0;4.0;6.0
sudoeste;660000.0;68.0;Apartamento;;2.0;1.0
sudoeste;280000.0;28.0;Kitnet;;1.0;
sudoeste;259000.0;40.0;Kitnet;1.0;1.0;1.0
sudoeste;7868682.0;548.0;Apartamento;4.0;4.0;6.0
park-sul;2190000.0;165.0;Apartamento;4.0;4.0;3.0
park-sul;798479.0;75.0;Apartamento;1.0;1.0;2.0
park-sul;418851.0;34.0;Apartamento;;1.0;1.0
park-sul;306133.0;26.0;Apartamento;;1.0;1.0
park-sul;1460000.0;97.0;Apartamento;1.0;3.0;2.0
park-sul;1921468.0;154.0;Apartamento;4.0;4.0;3.0
park-sul;1665000.0;121.0;Apartamento;2.0;4.0;2.0
park-sul;1100000.0;77.0;Apartamento;1.0;2.0;2.0
park-sul;373350.0;33.0;Apartamento;;1.0;1.0
park-sul;2582454.0;202.0;Apartamento;4.0;4.0;4.0
park-sul;1650000.0;121.0;Apartamento;4.0;4.0;2.0
park-sul;1038196.0;102.0;Apartamento;1.0;1.0;2.0
park-sul;302083.0;25.0;Apartamento;1.0;1.0;1.0
park-sul;400000.0;38.0;Apartamento;1.0;1.0;2.0
park-sul;1799000.0;117.0;Apartamento;2.0;3.0;2.0
park-sul;318000.0;36.0;Kitnet;;1.0;1.0
park-sul;363586.0;32.0;Apartamento;1.0;1.0;1.0
park-sul;419000.0;34.0;Apartamento;;1.0;1.0
park-sul;1040000.0;79.0;Apartamento;1.0;3.0;2.0
park-sul;1040000.0;77.0;Apartamento;1.0;3.0;
park-sul;496462.0;42.0;Apartamento;;1.0;1.0
park-sul;2250000.0;171.0;Apartamento;3.0;3.0;3.0
park-sul;2550000.0;202.0;Apartamento;4.0;4.0;4.0
park-sul;1862098.0;154.0;Apartamento;4.0;4.0;3.0
park-sul;1570000.0;102.0;Apartamento;1.0;3.0;2.0
park-sul;1460000.0;97.0;Apartamento;1.0;3.0;2.0
park-sul;1420000.0;97.0;Apartamento;1.0;3.0;2.0
park-sul;880000.0;77.0;Apartamento;2.0;2.0;1.0
park-sul;1380000.0;96.0;Apartamento;1.0;3.0;2.0
park-sul;595680.0;60.0;Apartamento;1.0;1.0;2.0
park-sul;621100.0;60.0;Apartamento;1.0;1.0;2.0
park-sul;305111.0;26.0;Apartamento;1.0;1.0;1.0
park-sul;460000.0;42.0;Apartamento;;1.0;1.0
park-sul;2618385.0;202.0;Apartamento;4.0;4.0;4.0
park-sul;240000.0;27.0;Kitnet;;1.0;1.0
park-sul;2190000.0;165.0;Apartamento;4.0;4.0;3.0
park-sul;363586.0;32.0;Apartamento;;1.0;1.0
park-sul;450000.0;43.0;Apartamento;;1.0;
park-sul;5999870.0;404.0;Apartamento;4.0;4.0;4.0
park-sul;2583000.0;202.0;Apartamento;5.0;4.0;
park-sul;540000.0;50.0;Apartamento;1.0;2.0;1.0
park-sul;1950000.0;120.0;Apartamento;3.0;3.0;2.0
park-sul;1898000.0;154.0;Apartamento;4.0;4.0;3.0
park-sul;1250000.0;86.0;Apartamento;1.0;3.0;2.0
park-sul;2300000.0;170.0;Apartamento;4.0;4.0;4.0
park-sul;2549000.0;202.0;Apartamento;4.0;4.0;4.0
park-sul;2500000.0;205.0;Apartamento;4.0;4.0;4.0
park-sul;292000.0;34.0;Apartamento;;1.0;1.0
park-sul;2250000.0;171.0;Apartamento;3.0;3.0;3.0
park-sul;1570000.0;120.0;Apartamento;3.0;3.0;1.0
park-sul;363586.0;32.0;Apartamento;;1.0;1.0
park-sul;355000.0;36.0;Apartamento;;2.0;1.0
park-sul;299084.0;26.0;Apartamento;1.0;1.0;1.0
park-sul;302012.0;26.0;Apartamento;;1.0;1.0
park-sul;2550000.0;202.0;Apartamento;6.0;4.0;
park-sul;5251967.0;545.0;Casa;4.0;4.0;5.0
setor-tororo;1300000.0;450.0;Casa;4.0;4.0;4.0
setor-tororo;1662500.0;350.0;Casa;4.0;4.0;3.0
setor-tororo;690000.0;300.0;Casa;3.0;3.0;
setor-tororo;1475000.0;300.0;Casa;4.0;4.0;3.0
setor-tororo;2700000.0;600.0;Casa;4.0;6.0;6.0
setor-tororo;1250000.0;350.0;Casa;1.0;4.0;2.0
setor-tororo;1162500.0;250.0;Casa;3.0;3.0;2.0
setor-tororo;1690000.0;323.0;Casa;4.0;4.0;4.0
setor-tororo;1000000.0;200.0;Casa;3.0;3.0;2.0
setor-tororo;1185000.0;525.0;Casa;5.0;5.0;5.0
setor-tororo;1300000.0;450.0;Casa;4.0;4.0;4.0
setor-tororo;1780000.0;402.0;Casa;1.0;5.0;2.0
setor-tororo;392000.0;200.0;Casa;1.0;3.0;6.0
setor-tororo;590000.0;240.0;Casa;1.0;2.0;4.0
setor-tororo;750000.0;240.0;Casa;1.0;2.0;2.0
setor-tororo;810000.0;1000.0;Casa;1.0;3.0;2.0
setor-tororo;420000.0;190.0;Casa;2.0;2.0;4.0
setor-tororo;1100000.0;250.0;Casa;;3.0;
setor-tororo;1160000.0;270.0;Casa;3.0;3.0;
setor-tororo;850000.0;300.0;Casa;1.0;3.0;2.0
setor-tororo;440000.0;200.0;Casa;1.0;3.0;1.0
setor-tororo;700000.0;287.0;Casa;3.0;4.0;5.0
setor-tororo;850000.0;380.0;Casa;2.0;3.0;3.0
setor-tororo;350000.0;100.0;Casa;2.0;2.0;1.0
setor-tororo;150000.0;340.0;Casa;1.0;3.0;3.0
setor-tororo;600000.0;220.0;Casa;3.0;3.0;2.0
setor-tororo;1400000.0;350.0;Casa;4.0;4.0;
setor-tororo;2950000.0;735.0;Casa;1.0;5.0;6.0
jardins-mangueiral;435000.0;70.0;Casa;;2.0;2.0
jardins-mangueiral;430000.0;63.0;Casa;;2.0;2.0
jardins-mangueiral;640000.0;120.0;Casa;1.0;3.0;2.0
jardins-mangueiral;535000.0;115.0;Casa;1.0;3.0;2.0
jardins-mangueiral;480000.0;90.0;Casa;1.0;3.0;2.0
jardins-mangueiral;610000.0;107.0;Casa;1.0;3.0;2.0
jardins-mangueiral;370000.0;52.0;Casa;;2.0;
jardins-mangueiral;595000.0;100.0;Casa;2.0;4.0;2.0
jardins-mangueiral;440000.0;68.0;Casa;1.0;3.0;2.0
jardins-mangueiral;550000.0;76.0;Casa;1.0;3.0;2.0
jardins-mangueiral;420000.0;85.0;Casa;1.0;2.0;1.0
jardins-mangueiral;258000.0;46.0;Apartamento;;2.0;1.0
jardins-mangueiral;280000.0;46.0;Apartamento;;2.0;1.0
jardins-mangueiral;540000.0;141.0;Casa;1.0;3.0;2.0
jardins-mangueiral;470000.0;67.0;Casa;1.0;3.0;2.0
jardins-mangueiral;269000.0;47.0;Apartamento;;2.0;1.0
jardins-mangueiral;420000.0;53.0;Casa;;2.0;2.0
jardins-mangueiral;545000.0;68.0;Casa;1.0;3.0;2.0
jardins-mangueiral;390000.0;58.0;Casa;;2.0;2.0
jardins-mangueiral;240000.0;50.0;Apartamento;;2.0;1.0
jardins-mangueiral;410000.0;64.0;Casa;;2.0;2.0
jardins-mangueiral;430000.0;54.0;Casa;;2.0;1.0
jardins-mangueiral;345000.0;48.0;Apartamento;;2.0;1.0
jardins-mangueiral;255000.0;48.0;Apartamento;;2.0;
jardins-mangueiral;325000.0;50.0;Apartamento;;2.0;1.0
jardins-mangueiral;245000.0;48.0;Apartamento;;2.0;1.0
jardins-mangueiral;240000.0;48.0;Apartamento;;2.0;1.0
jardins-mangueiral;550000.0;76.0;Casa;1.0;3.0;2.0
jardins-mangueiral;470000.0;68.0;Casa;1.0;3.0;1.0
jardins-mangueiral;550000.0;76.0;Casa;1.0;3.0;2.0
jardins-mangueiral;360000.0;54.0;Casa;;2.0;2.0
jardins-mangueiral;430000.0;98.0;Casa;;2.0;2.0
jardins-mangueiral;375000.0;65.0;Casa;;2.0;2.0
jardins-mangueiral;265000.0;47.0;Apartamento;;2.0;1.0
jardins-mangueiral;380000.0;70.0;Casa;;2.0;2.0
jardins-mangueiral;440000.0;69.0;Casa;;2.0;1.0
jardins-mangueiral;550000.0;76.0;Casa;2.0;3.0;2.0
jardins-mangueiral;550000.0;68.0;Casa;1.0;3.0;2.0
jardins-mangueiral;227000.0;33.0;Apartamento;;1.0;
jardins-mangueiral;385000.0;54.0;Casa;;2.0;2.0
jardins-mangueiral;350000.0;120.0;Casa;;2.0;1.0
jardins-mangueiral;570000.0;107.0;Casa;1.0;3.0;2.0
jardins-mangueiral;345000.0;58.0;Casa;;2.0;
jardins-mangueiral;248000.0;50.0;Apartamento;;2.0;1.0
jardins-mangueiral;460000.0;67.0;Casa;1.0;3.0;2.0
jardins-mangueiral;280000.0;47.0;Apartamento;;2.0;1.0
jardins-mangueiral;350000.0;57.0;Casa;;2.0;1.0
jardins-mangueiral;660000.0;120.0;Casa;1.0;3.0;2.0
jardins-mangueiral;375000.0;54.0;Casa;;2.0;2.0
jardins-mangueiral;420000.0;89.0;Casa;;2.0;2.0
jardins-mangueiral;260000.0;47.0;Apartamento;;2.0;1.0
jardins-mangueiral;265000.0;55.0;Apartamento;;2.0;1.0
jardins-mangueiral;380000.0;75.0;Casa;;2.0;2.0
jardins-mangueiral;469000.0;67.0;Casa;1.0;3.0;2.0
jardins-mangueiral;260000.0;55.0;Apartamento;;2.0;1.0
jardins-mangueiral;260000.0;52.0;Apartamento;;2.0;1.0
jardins-mangueiral;260000.0;48.0;Apartamento;;2.0;1.0
jardins-mangueiral;595000.0;200.0;Casa;2.0;4.0;
jardins-mangueiral;596000.0;80.0;Casa;1.0;3.0;2.0
sig;280000.0;40.0;Apartamento;;2.0;
sig;258000.0;42.0;Apartamento;;2.0;
sig;260000.0;42.0;Apartamento;;2.0;
sig;260000.0;42.0;Apartamento;;2.0;
taquari;1400000.0;303.0;Casa;2.0;3.0;8.0
taquari;1200000.0;800.0;Casa;2.0;4.0;3.0
taquari;2800000.0;800.0;Casa;1.0;8.0;4.0
taquari;1350000.0;300.0;Casa;2.0;3.0;2.0
taquari;1190000.0;550.0;Casa;1.0;6.0;2.0
taquari;2200000.0;450.0;Casa;4.0;5.0;4.0
taquari;2700000.0;350.0;Casa;2.0;3.0;4.0
taquari;1890000.0;300.0;Casa;4.0;4.0;4.0
taquari;1200000.0;800.0;Casa;2.0;4.0;3.0
taquari;1900000.0;382.0;Casa;4.0;4.0;4.0
taquari;1805000.0;300.0;Casa;4.0;4.0;2.0
taquari;2200000.0;500.0;Casa;4.0;4.0;
taquari;1680000.0;460.0;Casa;4.0;4.0;4.0
taquari;1990000.0;400.0;Casa;2.0;4.0;6.0
taquari;1300000.0;305.0;Casa;3.0;4.0;2.0
taquari;1155000.0;170.0;Casa;;3.0;3.0
taquari;2800000.0;300.0;Casa;2.0;6.0;
taquari;1790000.0;540.0;Casa;5.0;5.0;4.0
taquari;2400000.0;600.0;Casa;3.0;3.0;
taquari;1510000.0;270.0;Casa;3.0;3.0;
taquari;1300000.0;200.0;Casa;;3.0;
taquari;1300000.0;305.0;Casa;4.0;4.0;2.0
taquari;1680000.0;500.0;Casa;4.0;5.0;5.0
taquari;1150000.0;170.0;Casa;;3.0;4.0
taquari;2700000.0;890.0;Casa;4.0;4.0;6.0
taquari;2700000.0;350.0;Casa;3.0;5.0;4.0
taquari;1290000.0;190.0;Casa;3.0;4.0;6.0
taquari;350000.0;110.0;Casa;;2.0;5.0
taquari;2300000.0;423.0;Casa;5.0;5.0;4.0
taquari;700000.0;350.0;Casa;4.0;4.0;5.0
taquari;1390000.0;230.0;Casa;;3.0;
taquari;2450000.0;396.0;Casa;5.0;5.0;
taquari;1525000.0;467.0;Casa;3.0;6.0;5.0
taquari;1800000.0;477.0;Casa;2.0;4.0;3.0
vila-planalto;3600000.0;1000.0;Casa;4.0;8.0;8.0
vila-planalto;980000.0;217.0;Casa;3.0;7.0;
vila-planalto;900000.0;200.0;Casa;1.0;3.0;1.0
vila-planalto;1600000.0;748.0;Casa;;15.0;4.0
vila-planalto;1580000.0;270.0;Casa;2.0;4.0;3.0
vila-planalto;1900000.0;300.0;Casa;2.0;3.0;10.0
vila-planalto;990000.0;375.0;Casa;3.0;3.0;2.0
vila-planalto;1900000.0;340.0;Casa;5.0;5.0;2.0
vila-planalto;750000.0;240.0;Casa;;4.0;1.0
vila-planalto;1285000.0;260.0;Casa;1.0;4.0;2.0
vila-planalto;795000.0;180.0;Casa;3.0;3.0;2.0
vila-planalto;3450000.0;430.0;Casa;1.0;1.0;
vila-planalto;3500000.0;1440.0;Casa;;5.0;5.0
vila-planalto;1800000.0;500.0;Casa;15.0;15.0;2.0
vila-planalto;1990000.0;213.0;Casa;2.0;3.0;5.0
vila-planalto;1500000.0;432.0;Casa;5.0;5.0;4.0
vila-planalto;850000.0;200.0;Casa;1.0;3.0;1.0
vila-planalto;3500000.0;430.0;Casa;;5.0;6.0
vila-planalto;3520000.0;590.0;Casa;3.0;6.0;6.0
vila-planalto;1380000.0;280.0;Casa;1.0;4.0;2.0
vila-planalto;1495000.0;680.0;Casa;4.0;5.0;3.0
vila-planalto;950000.0;180.0;Casa;3.0;3.0;2.0
vila-planalto;290900.0;40.0;Apartamento;;2.0;1.0
vila-planalto;1780000.0;960.0;Casa;4.0;4.0;4.0
octogonal;980000.0;97.0;Apartamento;1.0;3.0;1.0
octogonal;934000.0;90.0;Apartamento;1.0;3.0;1.0
octogonal;1480000.0;107.0;Apartamento;1.0;3.0;1.0
octogonal;635000.0;68.0;Apartamento;;2.0;
octogonal;1490000.0;125.0;Apartamento;1.0;4.0;1.0
octogonal;360000.0;43.0;Apartamento;1.0;1.0;1.0
octogonal;1100000.0;100.0;Apartamento;1.0;3.0;1.0
octogonal;1150000.0;104.0;Apartamento;;3.0;1.0
octogonal;280000.0;28.0;Apartamento;;1.0;1.0
octogonal;267000.0;40.0;Apartamento;1.0;1.0;
octogonal;1080000.0;97.0;Apartamento;1.0;3.0;1.0
octogonal;675000.0;68.0;Apartamento;;3.0;1.0
octogonal;650000.0;64.0;Apartamento;;3.0;1.0
octogonal;267000.0;40.0;Apartamento;1.0;1.0;
octogonal;330000.0;38.0;Apartamento;;1.0;1.0
octogonal;550000.0;66.0;Apartamento;;2.0;1.0
octogonal;730000.0;68.0;Apartamento;1.0;3.0;
octogonal;265000.0;40.0;Apartamento;;1.0;
octogonal;730000.0;67.0;Apartamento;1.0;3.0;1.0
octogonal;835000.0;77.0;Apartamento;;2.0;1.0
octogonal;760000.0;73.0;Apartamento;;2.0;1.0
octogonal;770000.0;75.0;Apartamento;;3.0;1.0
granja-do-torto;420000.0;81.0;Casa;;3.0;
granja-do-torto;650000.0;175.0;Casa;2.0;4.0;2.0
granja-do-torto;1100000.0;327.0;Casa;3.0;3.0;1.0
granja-do-torto;900000.0;170.0;Casa;4.0;4.0;2.0
granja-do-torto;430000.0;80.0;Casa;1.0;3.0;3.0
granja-do-torto;590000.0;1000.0;Casa;;2.0;10.0
granja-do-torto;550000.0;182.0;Apartamento;1.0;4.0;
granja-do-torto;1490000.0;285.0;Casa;1.0;3.0;2.0
granja-do-torto;599990.0;160.0;Casa;1.0;3.0;2.0
granja-do-torto;550000.0;80.0;Casa;1.0;2.0;4.0
granja-do-torto;100000.0;28.0;Kitnet;1.0;1.0;
granja-do-torto;550000.0;140.0;Apartamento;1.0;4.0;
granja-do-torto;650000.0;250.0;Casa;2.0;3.0;3.0
granja-do-torto;600000.0;140.0;Apartamento;1.0;4.0;
granja-do-torto;650000.0;175.0;Casa;2.0;4.0;
granja-do-torto;650000.0;126.0;Casa;1.0;3.0;3.0
granja-do-torto;800000.0;200.0;Casa;2.0;7.0;2.0
granja-do-torto;550000.0;140.0;Apartamento;1.0;4.0;2.0
granja-do-torto;670000.0;250.0;Casa;2.0;3.0;2.0
granja-do-torto;100000.0;28.0;Kitnet;1.0;1.0;
granja-do-torto;320000.0;110.0;Casa;;4.0;1.0
vila-da-telebrasilia;750000.0;250.0;Casa;;5.0;1.0
vila-da-telebrasilia;525000.0;120.0;Casa;;3.0;4.0
vila-da-telebrasilia;1100000.0;270.0;Casa;;6.0;2.0
aguas-claras;673987.0;97.0;Apartamento;;3.0;
aguas-claras;430000.0;70.0;Apartamento;1.0;3.0;1.0
aguas-claras;1590000.0;186.0;Apartamento;3.0;3.0;3.0
aguas-claras;670000.0;87.0;Apartamento;1.0;3.0;1.0
aguas-claras;609900.0;65.0;Apartamento;2.0;2.0;1.0
aguas-claras;2500000.0;263.0;Apartamento;4.0;4.0;3.0
aguas-claras;299000.0;34.0;Apartamento;1.0;1.0;1.0
aguas-claras;639000.0;102.0;Apartamento;1.0;3.0;1.0
aguas-claras;335000.0;47.0;Apartamento;;1.0;1.0
aguas-claras;310000.0;54.0;Apartamento;;2.0;1.0
aguas-claras;750000.0;137.0;Apartamento;2.0;4.0;1.0
aguas-claras;1130000.0;215.0;Apartamento;2.0;3.0;2.0
aguas-claras;550000.0;97.0;Apartamento;1.0;3.0;1.0
aguas-claras;550000.0;97.0;Apartamento;1.0;3.0;1.0
aguas-claras;550000.0;280.0;Casa;2.0;5.0;4.0
aguas-claras;818909.0;101.0;Apartamento;1.0;3.0;2.0
aguas-claras;1452654.0;164.0;Apartamento;4.0;4.0;3.0
aguas-claras;250047.0;31.0;Apartamento;1.0;1.0;1.0
aguas-claras;1582014.0;162.0;Apartamento;4.0;4.0;3.0
aguas-claras;250047.0;31.0;Apartamento;1.0;1.0;1.0
aguas-claras;1452654.0;162.0;Apartamento;4.0;4.0;3.0
aguas-claras;845000.0;93.0;Apartamento;3.0;3.0;2.0
aguas-claras;1033000.0;120.0;Apartamento;3.0;3.0;2.0
aguas-claras;845000.0;93.0;Apartamento;3.0;3.0;2.0
aguas-claras;820000.0;120.0;Apartamento;1.0;3.0;1.0
aguas-claras;190000.0;44.0;Apartamento;;1.0;1.0
aguas-claras;634900.0;90.0;Apartamento;1.0;3.0;2.0
aguas-claras;175000.0;30.0;Apartamento;1.0;1.0;
aguas-claras;680000.0;140.0;Apartamento;1.0;1.0;1.0
aguas-claras;200000.0;31.0;Apartamento;1.0;1.0;1.0
aguas-claras;590000.0;80.0;Apartamento;1.0;3.0;1.0
aguas-claras;1740000.0;235.0;Apartamento;4.0;4.0;4.0
aguas-claras;2400000.0;232.0;Apartamento;2.0;4.0;2.0
aguas-claras;649000.0;86.0;Apartamento;2.0;3.0;1.0
aguas-claras;1590000.0;170.0;Apartamento;3.0;3.0;2.0
aguas-claras;1650000.0;350.0;Casa;3.0;4.0;6.0
aguas-claras;575000.0;79.0;Apartamento;2.0;3.0;1.0
aguas-claras;280000.0;37.0;Apartamento;;1.0;1.0
aguas-claras;449000.0;54.0;Apartamento;1.0;2.0;1.0
aguas-claras;570000.0;60.0;Apartamento;1.0;2.0;1.0
aguas-claras;1050000.0;232.0;Casa;4.0;4.0;2.0
aguas-claras;730000.0;160.0;Casa;1.0;3.0;2.0
aguas-claras;1316600.0;162.0;Apartamento;4.0;4.0;3.0
aguas-claras;520000.0;64.0;Apartamento;1.0;3.0;2.0
aguas-claras;540000.0;58.0;Apartamento;1.0;2.0;1.0
aguas-claras;695000.0;101.0;Apartamento;1.0;3.0;1.0
aguas-claras;150000.0;80.0;Casa;;2.0;3.0
aguas-claras;490000.0;65.0;Apartamento;;2.0;1.0
aguas-claras;485000.0;65.0;Apartamento;;2.0;1.0
aguas-claras;195000.0;36.0;Apartamento;;1.0;1.0
aguas-claras;239000.0;30.0;Apartamento;;1.0;1.0
aguas-claras;625000.0;75.0;Apartamento;1.0;3.0;2.0
aguas-claras;750000.0;90.0;Apartamento;3.0;3.0;2.0
aguas-claras;510000.0;64.0;Apartamento;1.0;3.0;2.0
aguas-claras;560000.0;108.0;Apartamento;1.0;3.0;1.0
aguas-claras;730000.0;106.0;Apartamento;2.0;4.0;1.0
aguas-claras;770000.0;190.0;Casa;2.0;3.0;4.0
aguas-claras;699000.0;128.0;Apartamento;1.0;3.0;1.0
taguatinga;168000.0;64.0;Apartamento;;2.0;1.0
taguatinga;620000.0;252.0;Casa;1.0;5.0;3.0
taguatinga;320000.0;48.0;Apartamento;;2.0;1.0
taguatinga;750000.0;230.0;Casa;1.0;4.0;8.0
taguatinga;480000.0;200.0;Casa;1.0;3.0;3.0
taguatinga;485000.0;200.0;Casa;1.0;3.0;3.0
taguatinga;360000.0;88.0;Apartamento;;3.0;
taguatinga;398000.0;68.0;Apartamento;1.0;3.0;1.0
taguatinga;385000.0;64.0;Apartamento;1.0;3.0;1.0
taguatinga;155000.0;34.0;Apartamento;;1.0;
taguatinga;169900.0;50.0;Apartamento;;2.0;
taguatinga;345000.0;65.0;Apartamento;1.0;3.0;1.0
taguatinga;1100000.0;350.0;Casa;4.0;6.0;4.0
taguatinga;480000.0;80.0;Apartamento;1.0;3.0;1.0
taguatinga;347000.0;65.0;Apartamento;1.0;3.0;1.0
taguatinga;125000.0;34.0;Apartamento;;1.0;1.0
taguatinga;480000.0;360.0;Casa;2.0;3.0;4.0
taguatinga;760000.0;360.0;Casa;1.0;5.0;4.0
taguatinga;250000.0;54.0;Apartamento;;1.0;1.0
taguatinga;230000.0;58.0;Apartamento;;2.0;
taguatinga;830000.0;460.0;Casa;1.0;4.0;3.0
taguatinga;390000.0;123.0;Apartamento;1.0;3.0;1.0
taguatinga;420000.0;90.0;Apartamento;1.0;2.0;2.0
taguatinga;280000.0;48.0;Apartamento;1.0;1.0;1.0
taguatinga;740000.0;340.0;Casa;1.0;3.0;4.0
taguatinga;295000.0;62.0;Apartamento;1.0;3.0;1.0
taguatinga;335000.0;77.0;Apartamento;;3.0;1.0
taguatinga;1330000.0;450.0;Casa;2.0;5.0;4.0
taguatinga;1050000.0;406.0;Casa;7.0;5.0;3.0
taguatinga;250000.0;52.0;Apartamento;1.0;2.0;1.0
taguatinga;598000.0;100.0;Apartamento;1.0;3.0;1.0
taguatinga;220000.0;67.0;Apartamento;;3.0;2.0
taguatinga;252000.0;48.0;Apartamento;;2.0;1.0
taguatinga;360000.0;200.0;Casa;;3.0;3.0
taguatinga;165000.0;65.0;Apartamento;;2.0;
taguatinga;289990.0;48.0;Apartamento;;2.0;1.0
taguatinga;1000000.0;500.0;Casa;3.0;4.0;4.0
taguatinga;175000.0;43.0;Apartamento;;2.0;
taguatinga;218000.0;57.0;Apartamento;;2.0;1.0
taguatinga;170000.0;50.0;Apartamento;;2.0;1.0
taguatinga;1450000.0;1150.0;Casa;4.0;6.0;10.0
taguatinga;329000.0;59.0;Apartamento;1.0;2.0;1.0
taguatinga;220000.0;68.0;Apartamento;;2.0;
taguatinga;1100000.0;175.0;Apartamento;4.0;4.0;2.0
taguatinga;840000.0;350.0;Casa;1.0;4.0;8.0
taguatinga;200000.0;60.0;Apartamento;;2.0;1.0
taguatinga;989000.0;480.0;Casa;4.0;4.0;10.0
taguatinga;1050000.0;270.0;Casa;2.0;3.0;6.0
taguatinga;225000.0;47.0;Apartamento;;2.0;1.0
taguatinga;250000.0;54.0;Apartamento;1.0;1.0;1.0
taguatinga;366000.0;71.0;Apartamento;1.0;3.0;1.0
taguatinga;780000.0;300.0;Casa;1.0;3.0;6.0
taguatinga;199000.0;55.0;Apartamento;;2.0;
vicente-pires;1300000.0;430.0;Casa;3.0;3.0;2.0
vicente-pires;1500000.0;800.0;Casa;3.0;4.0;2.0
vicente-pires;1419000.0;360.0;Casa;4.0;4.0;4.0
vicente-pires;1980000.0;342.0;Casa;4.0;4.0;4.0
vicente-pires;1220000.0;450.0;Casa;3.0;4.0;4.0
vicente-pires;959000.0;240.0;Casa;3.0;3.0;2.0
vicente-pires;750000.0;300.0;Casa;1.0;4.0;3.0
vicente-pires;1350000.0;350.0;Casa;1.0;4.0;
vicente-pires;1350000.0;340.0;Casa;4.0;4.0;
vicente-pires;1500000.0;320.0;Casa;4.0;4.0;4.0
vicente-pires;650000.0;341.0;Casa;3.0;4.0;6.0
vicente-pires;1595000.0;468.0;Casa;4.0;4.0;2.0
vicente-pires;800000.0;500.0;Casa;1.0;3.0;6.0
vicente-pires;1400000.0;400.0;Casa;;4.0;2.0
vicente-pires;980000.0;350.0;Casa;3.0;3.0;4.0
vicente-pires;1150000.0;400.0;Casa;;4.0;3.0
vicente-pires;850000.0;220.0;Casa;1.0;3.0;6.0
vicente-pires;580000.0;470.0;Casa;1.0;2.0;3.0
vicente-pires;1300000.0;400.0;Casa;4.0;4.0;4.0
vicente-pires;1500000.0;450.0;Casa;3.0;4.0;3.0
vicente-pires;1350000.0;320.0;Casa;4.0;4.0;3.0
vicente-pires;700000.0;280.0;Casa;2.0;3.0;3.0
vicente-pires;650000.0;120.0;Casa;1.0;2.0;3.0
vicente-pires;1300000.0;350.0;Casa;3.0;4.0;4.0
vicente-pires;1300000.0;400.0;Casa;4.0;4.0;4.0
vicente-pires;868000.0;200.0;Casa;3.0;4.0;6.0
vicente-pires;1600000.0;350.0;Casa;3.0;3.0;4.0
vicente-pires;1050000.0;280.0;Casa;3.0;3.0;2.0
vicente-pires;1200000.0;600.0;Casa;3.0;5.0;8.0
vicente-pires;1200000.0;560.0;Casa;5.0;5.0;6.0
vicente-pires;1490000.0;400.0;Casa;;4.0;2.0
vicente-pires;980000.0;170.0;Casa;2.0;3.0;6.0
vicente-pires;750000.0;200.0;Casa;1.0;3.0;4.0
vicente-pires;1100000.0;250.0;Casa;1.0;3.0;4.0
vicente-pires;1400000.0;390.0;Casa;3.0;4.0;3.0
vicente-pires;1200000.0;250.0;Casa;2.0;3.0;4.0
vicente-pires;1200000.0;642.0;Casa;3.0;5.0;10.0
vicente-pires;700000.0;289.0;Casa;2.0;3.0;8.0
vicente-pires;1500000.0;388.0;Casa;3.0;4.0;3.0
vicente-pires;760000.0;150.0;Casa;;3.0;4.0
vicente-pires;1490000.0;300.0;Casa;4.0;4.0;4.0
vicente-pires;1790000.0;477.0;Casa;5.0;5.0;9.0
vicente-pires;1150000.0;300.0;Casa;4.0;4.0;4.0
vicente-pires;1160000.0;300.0;Casa;3.0;4.0;4.0
vicente-pires;1400000.0;150.0;Casa;3.0;3.0;4.0
vicente-pires;300000.0;84.0;Apartamento;1.0;2.0;1.0
vicente-pires;950000.0;360.0;Casa;2.0;3.0;2.0
vicente-pires;700000.0;205.0;Apartamento;;3.0;1.0
vicente-pires;760000.0;210.0;Casa;1.0;3.0;
vicente-pires;1150000.0;400.0;Casa;3.0;5.0;4.0
vicente-pires;1300000.0;350.0;Casa;3.0;4.0;3.0
vicente-pires;1250000.0;400.0;Casa;2.0;4.0;4.0
vicente-pires;950000.0;340.0;Casa;2.0;4.0;4.0
vicente-pires;900000.0;320.0;Casa;2.0;5.0;6.0
vicente-pires;1300000.0;800.0;Casa;1.0;3.0;2.0
vicente-pires;1260000.0;300.0;Casa;5.0;5.0;5.0
vicente-pires;1500000.0;350.0;Casa;3.0;3.0;3.0
vicente-pires;850000.0;450.0;Casa;3.0;3.0;4.0
vicente-pires;190000.0;50.0;Apartamento;;2.0;
samambaia;202785.0;61.0;Apartamento;;2.0;
samambaia;289000.0;59.0;Apartamento;1.0;2.0;1.0
samambaia;457080.0;58.0;Apartamento;1.0;1.0;1.0
samambaia;308000.0;60.0;Apartamento;;2.0;
samambaia;198000.0;37.0;Apartamento;1.0;1.0;1.0
samambaia;145000.0;126.0;Casa;;3.0;2.0
samambaia;189995.0;59.0;Apartamento;1.0;2.0;1.0
samambaia;141990.0;33.0;Apartamento;;1.0;
samambaia;195000.0;60.0;Apartamento;1.0;2.0;1.0
samambaia;180000.0;57.0;Apartamento;;2.0;2.0
samambaia;215000.0;57.0;Apartamento;1.0;2.0;1.0
samambaia;110000.0;30.0;Apartamento;1.0;1.0;1.0
samambaia;225000.0;100.0;Casa;;2.0;3.0
samambaia;135000.0;30.0;Apartamento;1.0;1.0;1.0
samambaia;213000.0;58.0;Apartamento;;2.0;
samambaia;199000.0;48.0;Apartamento;;2.0;1.0
samambaia;245000.0;120.0;Casa;1.0;3.0;2.0
samambaia;250000.0;250.0;Casa;1.0;4.0;5.0
samambaia;178000.0;47.0;Apartamento;;2.0;1.0
samambaia;166000.0;60.0;Apartamento;;2.0;1.0
samambaia;320000.0;90.0;Apartamento;1.0;3.0;1.0
samambaia;220000.0;45.0;Apartamento;1.0;2.0;1.0
samambaia;160000.0;60.0;Apartamento;;2.0;1.0
samambaia;285000.0;150.0;Casa;2.0;3.0;3.0
samambaia;183000.0;47.0;Apartamento;;2.0;1.0
samambaia;360000.0;70.0;Apartamento;1.0;3.0;2.0
samambaia;155000.0;40.0;Apartamento;;1.0;1.0
samambaia;299000.0;80.0;Casa;;2.0;4.0
samambaia;275000.0;130.0;Casa;1.0;3.0;2.0
samambaia;210000.0;100.0;Casa;;2.0;3.0
samambaia;180000.0;80.0;Casa;;2.0;1.0
samambaia;199900.0;54.0;Apartamento;1.0;2.0;1.0
samambaia;320000.0;65.0;Apartamento;1.0;3.0;1.0
samambaia;280000.0;63.0;Apartamento;1.0;3.0;1.0
samambaia;185000.0;48.0;Apartamento;;2.0;1.0
samambaia;320000.0;130.0;Casa;;2.0;2.0
samambaia;520000.0;110.0;Apartamento;2.0;3.0;2.0
samambaia;215000.0;130.0;Casa;1.0;3.0;3.0
samambaia;380000.0;137.0;Casa;1.0;2.0;2.0
samambaia;125000.0;28.0;Apartamento;;1.0;
samambaia;199000.0;52.0;Apartamento;1.0;2.0;1.0
samambaia;269000.0;59.0;Apartamento;1.0;2.0;1.0
samambaia;230000.0;61.0;Apartamento;1.0;2.0;1.0
samambaia;199000.0;53.0;Apartamento;;2.0;1.0
samambaia;289114.0;59.0;Apartamento;1.0;2.0;1.0
samambaia;261000.0;54.0;Apartamento;1.0;2.0;1.0
samambaia;180490.0;42.0;Apartamento;;2.0;1.0
samambaia;201500.0;61.0;Apartamento;1.0;2.0;1.0
samambaia;240000.0;64.0;Apartamento;1.0;3.0;
samambaia;253000.0;43.0;Apartamento;;2.0;1.0
samambaia;250000.0;60.0;Apartamento;1.0;3.0;1.0
samambaia;205000.0;45.0;Apartamento;1.0;2.0;1.0
samambaia;212467.0;45.0;Apartamento;;2.0;1.0
samambaia;269000.0;50.0;Apartamento;1.0;2.0;1.0
samambaia;189990.0;59.0;Apartamento;1.0;2.0;1.0
samambaia;230000.0;52.0;Apartamento;1.0;2.0;1.0
samambaia;377000.0;96.0;Apartamento;;2.0;1.0
samambaia;200000.0;80.0;Casa;;3.0;1.0
samambaia;249000.0;120.0;Casa;;4.0;3.0
samambaia;223000.0;48.0;Apartamento;1.0;2.0;1.0
sobradinho;1549000.0;425.0;Casa;;3.0;
sobradinho;650000.0;187.0;Casa;1.0;4.0;2.0
sobradinho;130000.0;30.0;Kitnet;;1.0;
sobradinho;980000.0;460.0;Casa;3.0;3.0;6.0
sobradinho;1599000.0;260.0;Casa;4.0;4.0;
sobradinho;150000.0;40.0;Apartamento;;1.0;
sobradinho;670000.0;125.0;Casa;2.0;2.0;7.0
sobradinho;155000.0;60.0;Apartamento;;2.0;
sobradinho;1350000.0;250.0;Casa;3.0;3.0;
sobradinho;630000.0;248.0;Casa;2.0;6.0;4.0
sobradinho;440000.0;88.0;Apartamento;1.0;3.0;1.0
sobradinho;740000.0;220.0;Casa;2.0;3.0;3.0
sobradinho;750000.0;198.0;Casa;3.0;4.0;3.0
sobradinho;270000.0;125.0;Apartamento;;2.0;
sobradinho;1790000.0;307.0;Casa;4.0;4.0;2.0
sobradinho;950000.0;349.0;Casa;4.0;5.0;3.0
sobradinho;923000.0;450.0;Casa;3.0;5.0;1.0
sobradinho;1690000.0;600.0;Casa;3.0;4.0;3.0
sobradinho;700000.0;304.0;Casa;2.0;5.0;4.0
sobradinho;890000.0;291.0;Casa;4.0;4.0;2.0
sobradinho;1350000.0;709.0;Casa;4.0;4.0;4.0
sobradinho;699000.0;345.0;Casa;2.0;4.0;3.0
sobradinho;450000.0;140.0;Casa;2.0;3.0;4.0
sobradinho;180000.0;70.0;Apartamento;;2.0;
sobradinho;700000.0;320.0;Casa;1.0;4.0;4.0
sobradinho;85500.0;29.0;Apartamento;1.0;1.0;
sobradinho;780000.0;264.0;Casa;1.0;3.0;4.0
sobradinho;800000.0;310.0;Casa;1.0;3.0;2.0
sobradinho;580000.0;353.0;Casa;1.0;4.0;4.0
sobradinho;630000.0;700.0;Casa;3.0;4.0;4.0
sobradinho;1600000.0;520.0;Casa;3.0;4.0;4.0
sobradinho;715000.0;326.0;Casa;3.0;4.0;4.0
sobradinho;185000.0;45.0;Apartamento;;2.0;
sobradinho;1790000.0;386.0;Casa;5.0;5.0;3.0
sobradinho;250000.0;200.0;Casa;;3.0;2.0
sobradinho;600000.0;600.0;Casa;3.0;6.0;3.0
sobradinho;1600000.0;326.0;Casa;5.0;5.0;4.0
sobradinho;900000.0;573.0;Casa;2.0;5.0;4.0
sobradinho;1200000.0;200.0;Casa;2.0;5.0;3.0
sobradinho;1900000.0;822.0;Casa;4.0;4.0;6.0
sobradinho;255000.0;55.0;Apartamento;;2.0;
sobradinho;360000.0;65.0;Apartamento;1.0;2.0;1.0
sobradinho;500000.0;68.0;Apartamento;1.0;3.0;1.0
guara;699900.0;87.0;Apartamento;1.0;3.0;1.0
guara;359000.0;55.0;Apartamento;1.0;2.0;1.0
guara;455000.0;91.0;Casa;1.0;3.0;3.0
guara;345000.0;90.0;Casa;;3.0;2.0
guara;241000.0;29.0;Apartamento;1.0;1.0;1.0
guara;1199900.0;416.0;Casa;3.0;3.0;3.0
guara;630000.0;270.0;Casa;2.0;3.0;3.0
guara;400000.0;70.0;Apartamento;;2.0;2.0
guara;879000.0;450.0;Casa;2.0;4.0;3.0
guara;260000.0;43.0;Apartamento;;2.0;1.0
guara;297000.0;61.0;Apartamento;;2.0;1.0
guara;989000.0;460.0;Casa;2.0;5.0;4.0
guara;749900.0;200.0;Casa;1.0;4.0;2.0
guara;1460000.0;97.0;Apartamento;1.0;3.0;2.0
guara;207000.0;32.0;Apartamento;;1.0;
guara;1699000.0;360.0;Casa;5.0;6.0;4.0
guara;900000.0;261.0;Casa;2.0;3.0;2.0
guara;1500000.0;620.0;Casa;4.0;5.0;8.0
guara;695000.0;308.0;Casa;1.0;5.0;3.0
guara;594000.0;110.0;Casa;1.0;4.0;3.0
guara;570000.0;62.0;Apartamento;1.0;2.0;1.0
guara;850000.0;360.0;Casa;5.0;7.0;2.0
guara;899999.0;246.0;Casa;1.0;4.0;4.0
guara;315000.0;49.0;Apartamento;1.0;2.0;1.0
guara;529990.0;66.0;Apartamento;1.0;2.0;1.0
guara;300000.0;71.0;Apartamento;;2.0;1.0
guara;327654.0;39.0;Apartamento;;2.0;1.0
guara;650000.0;200.0;Casa;;2.0;4.0
guara;1150000.0;86.0;Apartamento;1.0;2.0;2.0
guara;241032.0;31.0;Apartamento;1.0;1.0;1.0
guara;500000.0;84.0;Apartamento;1.0;2.0;1.0
guara;1450000.0;319.0;Casa;3.0;4.0;3.0
guara;1020000.0;290.0;Casa;2.0;5.0;2.0
guara;799000.0;300.0;Casa;1.0;4.0;2.0
guara;310000.0;56.0;Apartamento;;2.0;1.0
guara;580000.0;100.0;Casa;;3.0;2.0
guara;0.0;114.0;Apartamento;1.0;3.0;2.0
guara;380000.0;128.0;Casa;2.0;3.0;2.0
guara;539162.0;58.0;Apartamento;1.0;2.0;2.0
guara;580000.0;62.0;Apartamento;;2.0;1.0
guara;490000.0;56.0;Apartamento;1.0;2.0;2.0
guara;1349900.0;400.0;Casa;3.0;3.0;6.0
guara;890000.0;250.0;Casa;1.0;2.0;2.0
guara;720000.0;164.0;Casa;1.0;3.0;1.0
guara;140000.0;55.0;Apartamento;;2.0;
guara;1420000.0;300.0;Casa;;4.0;2.0
guara;280000.0;62.0;Apartamento;;2.0;1.0
guara;290000.0;55.0;Apartamento;;2.0;2.0
guara;1249900.0;350.0;Casa;3.0;3.0;10.0
guara;790000.0;200.0;Casa;1.0;4.0;3.0
guara;720000.0;83.0;Apartamento;1.0;3.0;2.0
guara;395000.0;60.0;Apartamento;;2.0;1.0
guara;2050000.0;228.0;Apartamento;3.0;3.0;3.0
guara;140000.0;52.0;Apartamento;;2.0;
guara;1350000.0;411.0;Casa;3.0;4.0;9.0
guara;380000.0;90.0;Casa;1.0;2.0;2.0
guara;1290000.0;750.0;Casa;4.0;6.0;11.0
ceilandia;250000.0;135.0;Casa;1.0;3.0;2.0
ceilandia;450000.0;190.0;Casa;2.0;4.0;2.0
ceilandia;179971.0;50.0;Apartamento;;2.0;1.0
ceilandia;380000.0;203.0;Casa;1.0;2.0;2.0
ceilandia;210000.0;46.0;Apartamento;1.0;2.0;1.0
ceilandia;305500.0;45.0;Apartamento;1.0;2.0;1.0
ceilandia;279000.0;60.0;Apartamento;1.0;2.0;1.0
ceilandia;270000.0;135.0;Casa;1.0;3.0;3.0
ceilandia;179987.0;47.0;Apartamento;;2.0;1.0
ceilandia;230000.0;58.0;Apartamento;1.0;2.0;1.0
ceilandia;285000.0;70.0;Casa;;2.0;2.0
ceilandia;489000.0;250.0;Casa;;3.0;1.0
ceilandia;193000.0;46.0;Apartamento;;2.0;1.0
ceilandia;329000.0;140.0;Casa;;3.0;2.0
ceilandia;195000.0;49.0;Casa;;2.0;1.0
ceilandia;190000.0;238.0;Casa;1.0;6.0;3.0
ceilandia;200000.0;57.0;Apartamento;1.0;2.0;1.0
ceilandia;497000.0;255.0;Casa;2.0;5.0;2.0
ceilandia;400000.0;400.0;Casa;1.0;4.0;3.0
ceilandia;195000.0;45.0;Apartamento;1.0;2.0;1.0
ceilandia;340000.0;160.0;Casa;;3.0;2.0
ceilandia;205000.0;47.0;Apartamento;;2.0;1.0
ceilandia;380000.0;227.0;Casa;2.0;4.0;2.0
ceilandia;298000.0;250.0;Casa;1.0;3.0;4.0
ceilandia;700000.0;250.0;Casa;5.0;5.0;4.0
ceilandia;330000.0;135.0;Casa;1.0;3.0;2.0
ceilandia;320000.0;144.0;Casa;1.0;3.0;2.0
ceilandia;390000.0;100.0;Casa;1.0;4.0;4.0
ceilandia;315000.0;185.0;Casa;;3.0;4.0
ceilandia;450000.0;88.0;Apartamento;3.0;3.0;2.0
ceilandia;245000.0;60.0;Apartamento;1.0;2.0;1.0
ceilandia;195000.0;44.0;Apartamento;;2.0;1.0
ceilandia;479000.0;190.0;Casa;2.0;3.0;6.0
ceilandia;150000.0;195.0;Casa;;2.0;6.0
ceilandia;330000.0;125.0;Casa;1.0;3.0;2.0
ceilandia;265000.0;135.0;Casa;;3.0;2.0
ceilandia;280000.0;210.0;Casa;1.0;7.0;3.0
ceilandia;299000.0;123.0;Casa;;3.0;2.0
ceilandia;280000.0;135.0;Casa;;3.0;2.0
ceilandia;220000.0;65.0;Apartamento;;2.0;1.0
ceilandia;220000.0;86.0;Apartamento;;2.0;1.0
ceilandia;390000.0;107.0;Apartamento;1.0;2.0;1.0
ceilandia;267500.0;47.0;Apartamento;1.0;2.0;1.0
ceilandia;235000.0;44.0;Apartamento;;2.0;1.0
ceilandia;3700000.0;185.0;Apartamento;3.0;3.0;
ceilandia;320000.0;170.0;Casa;1.0;3.0;2.0
ceilandia;230000.0;135.0;Casa;;2.0;2.0
ceilandia;290000.0;250.0;Casa;;1.0;7.0
ceilandia;200000.0;63.0;Apartamento;;2.0;1.0
ceilandia;330000.0;65.0;Apartamento;1.0;3.0;1.0
ceilandia;229000.0;100.0;Casa;;2.0;2.0
ceilandia;155000.0;112.0;Casa;;3.0;2.0
ceilandia;250000.0;67.0;Apartamento;1.0;3.0;1.0
gama;950000.0;300.0;Casa;3.0;3.0;
gama;188756.0;39.0;Apartamento;;1.0;
gama;323000.0;70.0;Apartamento;1.0;3.0;1.0
gama;790000.0;450.0;Casa;4.0;4.0;4.0
gama;790000.0;335.0;Casa;3.0;6.0;10.0
gama;235657.0;53.0;Apartamento;1.0;2.0;
gama;217658.0;39.0;Apartamento;;1.0;1.0
gama;340000.0;70.0;Apartamento;1.0;3.0;2.0
gama;340000.0;150.0;Casa;1.0;2.0;2.0
gama;1049000.0;400.0;Casa;3.0;3.0;3.0
gama;335000.0;65.0;Apartamento;1.0;3.0;1.0
gama;325000.0;275.0;Casa;;3.0;2.0
gama;263911.0;54.0;Apartamento;1.0;2.0;1.0
gama;155000.0;48.0;Apartamento;;2.0;1.0
gama;450000.0;72.0;Apartamento;1.0;3.0;1.0
gama;340000.0;196.0;Casa;2.0;3.0;3.0
gama;199000.0;20.0;Apartamento;;2.0;1.0
gama;690000.0;107.0;Apartamento;1.0;3.0;2.0
gama;390000.0;275.0;Casa;;4.0;3.0
gama;480000.0;400.0;Casa;1.0;3.0;
gama;390000.0;250.0;Casa;;3.0;3.0
gama;238000.0;54.0;Apartamento;1.0;2.0;1.0
gama;228412.0;53.0;Apartamento;1.0;2.0;1.0
gama;780000.0;270.0;Casa;3.0;3.0;2.0
gama;650000.0;290.0;Casa;1.0;4.0;6.0
gama;160000.0;58.0;Apartamento;;2.0;1.0
gama;630000.0;107.0;Apartamento;2.0;3.0;2.0
gama;125000.0;39.0;Apartamento;;2.0;
gama;950000.0;1500.0;Casa;3.0;6.0;10.0
gama;600000.0;400.0;Casa;3.0;4.0;4.0
gama;125000.0;39.0;Apartamento;;1.0;
gama;1020000.0;1200.0;Casa;2.0;4.0;5.0
gama;110000.0;39.0;Apartamento;;1.0;
gama;630000.0;320.0;Casa;1.0;3.0;4.0
gama;750000.0;134.0;Apartamento;1.0;4.0;2.0
gama;590000.0;1150.0;Casa;2.0;3.0;10.0
gama;800000.0;220.0;Casa;3.0;4.0;3.0
gama;390000.0;240.0;Casa;112.0;4.0;2.0
gama;230000.0;45.0;Apartamento;;3.0;1.0
gama;318000.0;78.0;Apartamento;1.0;3.0;1.0
gama;445000.0;72.0;Apartamento;1.0;3.0;1.0
gama;850000.0;400.0;Casa;4.0;4.0;6.0
gama;2750000.0;700.0;Casa;4.0;4.0;4.0
riacho-fundo;165000.0;52.0;Apartamento;;2.0;
riacho-fundo;370000.0;250.0;Casa;1.0;4.0;4.0
riacho-fundo;175000.0;54.0;Apartamento;;2.0;
riacho-fundo;130000.0;48.0;Apartamento;;2.0;
riacho-fundo;670000.0;277.0;Casa;2.0;4.0;3.0
riacho-fundo;550000.0;282.0;Casa;1.0;4.0;2.0
riacho-fundo;400000.0;200.0;Casa;1.0;3.0;2.0
riacho-fundo;225000.0;75.0;Casa;;2.0;4.0
riacho-fundo;600000.0;220.0;Casa;1.0;4.0;3.0
riacho-fundo;625000.0;261.0;Casa;2.0;4.0;4.0
riacho-fundo;1100000.0;535.0;Casa;2.0;4.0;3.0
riacho-fundo;149000.0;50.0;Apartamento;;2.0;1.0
riacho-fundo;520000.0;237.0;Casa;3.0;4.0;2.0
riacho-fundo;185000.0;80.0;Casa;;2.0;3.0
riacho-fundo;310000.0;144.0;Casa;1.0;3.0;
riacho-fundo;220000.0;50.0;Apartamento;;2.0;1.0
riacho-fundo;200000.0;55.0;Apartamento;;2.0;1.0
riacho-fundo;750000.0;240.0;Casa;1.0;4.0;3.0
riacho-fundo;620000.0;220.0;Casa;1.0;3.0;3.0
riacho-fundo;498000.0;210.0;Casa;2.0;5.0;2.0
riacho-fundo;790000.0;316.0;Casa;2.0;6.0;4.0
riacho-fundo;360000.0;72.0;Apartamento;;2.0;1.0
riacho-fundo;450000.0;120.0;Casa;2.0;3.0;4.0
riacho-fundo;850000.0;300.0;Casa;1.0;6.0;4.0
riacho-fundo;195000.0;65.0;Apartamento;;2.0;1.0
riacho-fundo;500000.0;150.0;Casa;1.0;3.0;3.0
riacho-fundo;239000.0;89.0;Apartamento;1.0;3.0;
riacho-fundo;630000.0;149.0;Casa;1.0;2.0;3.0
riacho-fundo;554900.0;210.0;Casa;2.0;4.0;2.0
riacho-fundo;335000.0;63.0;Apartamento;1.0;2.0;
riacho-fundo;780000.0;300.0;Casa;3.0;3.0;2.0
riacho-fundo;340000.0;157.0;Casa;;2.0;1.0
riacho-fundo;1200000.0;800.0;Casa;2.0;3.0;5.0
riacho-fundo;749000.0;420.0;Casa;3.0;6.0;4.0
riacho-fundo;360000.0;69.0;Apartamento;1.0;3.0;1.0
riacho-fundo;285000.0;70.0;Apartamento;;2.0;
riacho-fundo;559000.0;230.0;Casa;3.0;4.0;4.0
riacho-fundo;280000.0;140.0;Casa;;4.0;1.0
riacho-fundo;120000.0;57.0;Apartamento;;2.0;
riacho-fundo;125000.0;40.0;Kitnet;;1.0;1.0
riacho-fundo;140000.0;35.0;Apartamento;;1.0;
riacho-fundo;140000.0;39.0;Apartamento;1.0;2.0;
riacho-fundo;230000.0;95.0;Casa;1.0;3.0;1.0
riacho-fundo;79000.0;21.0;Kitnet;;1.0;
riacho-fundo;109000.0;42.0;Apartamento;1.0;2.0;
riacho-fundo;120000.0;32.0;Apartamento;;1.0;
riacho-fundo;550000.0;150.0;Casa;3.0;4.0;
riacho-fundo;78000.0;51.0;Apartamento;;2.0;1.0
riacho-fundo;290000.0;130.0;Casa;1.0;2.0;2.0
riacho-fundo;280000.0;120.0;Casa;1.0;2.0;3.0
riacho-fundo;170000.0;112.0;Casa;2.0;2.0;2.0
riacho-fundo;430000.0;180.0;Casa;2.0;4.0;3.0
riacho-fundo;140000.0;38.0;Apartamento;;1.0;
nucleo-bandeirante;520000.0;120.0;Casa;1.0;3.0;2.0
nucleo-bandeirante;800000.0;216.0;Casa;3.0;6.0;4.0
nucleo-bandeirante;270000.0;60.0;Apartamento;;3.0;
nucleo-bandeirante;270000.0;43.0;Apartamento;;2.0;
nucleo-bandeirante;589990.0;105.0;Casa;;3.0;3.0
nucleo-bandeirante;250000.0;54.0;Apartamento;;2.0;
nucleo-bandeirante;270000.0;60.0;Apartamento;;3.0;
nucleo-bandeirante;890000.0;320.0;Casa;4.0;4.0;3.0
nucleo-bandeirante;225000.0;54.0;Apartamento;;3.0;
nucleo-bandeirante;470000.0;136.0;Casa;;4.0;4.0
nucleo-bandeirante;340000.0;60.0;Apartamento;;2.0;
nucleo-bandeirante;630000.0;189.0;Casa;2.0;4.0;3.0
nucleo-bandeirante;1000000.0;202.0;Casa;1.0;3.0;3.0
nucleo-bandeirante;165000.0;37.0;Apartamento;;1.0;
nucleo-bandeirante;750000.0;180.0;Casa;2.0;4.0;4.0
nucleo-bandeirante;220000.0;45.0;Apartamento;;2.0;
nucleo-bandeirante;165000.0;45.0;Apartamento;;2.0;
nucleo-bandeirante;205000.0;55.0;Apartamento;;2.0;
nucleo-bandeirante;695000.0;240.0;Casa;2.0;4.0;1.0
nucleo-bandeirante;255000.0;56.0;Apartamento;;2.0;
nucleo-bandeirante;210000.0;58.0;Apartamento;;2.0;
nucleo-bandeirante;4900000.0;2500.0;Casa;4.0;4.0;4.0
nucleo-bandeirante;1190000.0;404.0;Casa;3.0;4.0;3.0
nucleo-bandeirante;156000.0;34.0;Apartamento;;1.0;
nucleo-bandeirante;235000.0;76.0;Apartamento;;2.0;
nucleo-bandeirante;200000.0;86.0;Apartamento;;2.0;
nucleo-bandeirante;245000.0;64.0;Apartamento;;2.0;
nucleo-bandeirante;1590000.0;800.0;Casa;4.0;5.0;8.0
nucleo-bandeirante;265000.0;60.0;Apartamento;;2.0;
nucleo-bandeirante;505000.0;120.0;Casa;;4.0;2.0
nucleo-bandeirante;260000.0;67.0;Apartamento;;2.0;
nucleo-bandeirante;920000.0;297.0;Casa;;5.0;
nucleo-bandeirante;95000.0;30.0;Apartamento;;1.0;
nucleo-bandeirante;550000.0;120.0;Casa;1.0;2.0;1.0
nucleo-bandeirante;219000.0;60.0;Apartamento;;2.0;
nucleo-bandeirante;135000.0;54.0;Apartamento;;2.0;
nucleo-bandeirante;200000.0;54.0;Apartamento;;2.0;
nucleo-bandeirante;190000.0;60.0;Apartamento;;2.0;
nucleo-bandeirante;140000.0;34.0;Apartamento;;1.0;
nucleo-bandeirante;1300000.0;540.0;Casa;3.0;3.0;5.0
nucleo-bandeirante;650000.0;360.0;Casa;;3.0;
nucleo-bandeirante;220000.0;45.0;Apartamento;;2.0;
nucleo-bandeirante;750000.0;200.0;Casa;2.0;7.0;3.0
nucleo-bandeirante;260000.0;73.0;Apartamento;1.0;2.0;
nucleo-bandeirante;790000.0;380.0;Casa;2.0;3.0;2.0
recanto-das-emas;130000.0;112.0;Casa;;3.0;3.0
recanto-das-emas;490000.0;450.0;Casa;;7.0;
recanto-das-emas;245000.0;95.0;Casa;;2.0;2.0
recanto-das-emas;420000.0;144.0;Casa;;2.0;3.0
recanto-das-emas;320000.0;115.0;Casa;1.0;3.0;2.0
recanto-das-emas;360000.0;150.0;Casa;1.0;3.0;4.0
recanto-das-emas;98000.0;80.0;Casa;1.0;3.0;2.0
recanto-das-emas;220000.0;150.0;Casa;1.0;3.0;3.0
recanto-das-emas;360000.0;260.0;Casa;1.0;4.0;3.0
recanto-das-emas;320000.0;200.0;Casa;;5.0;4.0
recanto-das-emas;340000.0;300.0;Casa;1.0;6.0;4.0
recanto-das-emas;169900.0;80.0;Casa;;2.0;3.0
recanto-das-emas;115000.0;112.0;Casa;;2.0;
recanto-das-emas;400000.0;188.0;Casa;1.0;3.0;3.0
recanto-das-emas;450000.0;750.0;Casa;2.0;3.0;5.0
recanto-das-emas;350000.0;360.0;Casa;;3.0;4.0
recanto-das-emas;230000.0;150.0;Casa;1.0;4.0;
recanto-das-emas;169900.0;70.0;Casa;;2.0;3.0
recanto-das-emas;280000.0;125.0;Casa;;2.0;2.0
recanto-das-emas;180000.0;118.0;Casa;2.0;2.0;2.0
recanto-das-emas;168000.0;150.0;Casa;;3.0;2.0
recanto-das-emas;250000.0;100.0;Casa;;4.0;3.0
recanto-das-emas;190000.0;90.0;Casa;;2.0;
recanto-das-emas;240000.0;80.0;Casa;;2.0;3.0
recanto-das-emas;259000.0;150.0;Casa;1.0;7.0;3.0
recanto-das-emas;165000.0;80.0;Casa;;2.0;2.0
recanto-das-emas;330000.0;200.0;Casa;1.0;3.0;3.0
recanto-das-emas;200000.0;165.0;Casa;1.0;3.0;4.0
recanto-das-emas;125000.0;130.0;Casa;1.0;2.0;3.0
recanto-das-emas;355000.0;150.0;Casa;1.0;3.0;2.0
recanto-das-emas;250000.0;150.0;Casa;1.0;3.0;3.0
recanto-das-emas;120000.0;60.0;Apartamento;1.0;2.0;1.0
recanto-das-emas;500000.0;480.0;Casa;6.0;7.0;
recanto-das-emas;100000.0;55.0;Apartamento;;2.0;
recanto-das-emas;270000.0;107.0;Casa;6.0;6.0;4.0
recanto-das-emas;150000.0;90.0;Casa;;3.0;
recanto-das-emas;180000.0;112.0;Casa;2.0;3.0;2.0
recanto-das-emas;349900.0;150.0;Casa;1.0;4.0;5.0
recanto-das-emas;380000.0;370.0;Casa;1.0;3.0;10.0
recanto-das-emas;130000.0;90.0;Casa;1.0;3.0;5.0
recanto-das-emas;650000.0;350.0;Casa;2.0;7.0;5.0
recanto-das-emas;430000.0;250.0;Casa;1.0;3.0;3.0
recanto-das-emas;125000.0;66.0;Apartamento;1.0;2.0;1.0
recanto-das-emas;470000.0;160.0;Casa;1.0;5.0;
recanto-das-emas;230000.0;150.0;Casa;1.0;2.0;
recanto-das-emas;420000.0;268.0;Casa;1.0;4.0;3.0
recanto-das-emas;160000.0;146.0;Casa;1.0;2.0;2.0
cruzeiro;350000.0;39.0;Apartamento;;2.0;
cruzeiro;670000.0;98.0;Apartamento;;3.0;
cruzeiro;467000.0;57.0;Apartamento;;2.0;
cruzeiro;460000.0;66.0;Apartamento;;3.0;
cruzeiro;345000.0;47.0;Apartamento;;2.0;
cruzeiro;400000.0;53.0;Apartamento;;2.0;
cruzeiro;455000.0;65.0;Apartamento;;3.0;
cruzeiro;899000.0;120.0;Casa;2.0;3.0;3.0
cruzeiro;429000.0;67.0;Apartamento;;3.0;
cruzeiro;330000.0;40.0;Apartamento;;2.0;
cruzeiro;410000.0;68.0;Apartamento;;3.0;
cruzeiro;350000.0;63.0;Apartamento;;3.0;
cruzeiro;1150000.0;340.0;Casa;4.0;5.0;4.0
cruzeiro;600000.0;62.0;Apartamento;;3.0;
cruzeiro;385000.0;44.0;Apartamento;;2.0;
cruzeiro;419000.0;63.0;Apartamento;;3.0;
cruzeiro;400000.0;62.0;Apartamento;;2.0;
cruzeiro;465000.0;57.0;Apartamento;;2.0;
cruzeiro;510000.0;63.0;Apartamento;;3.0;
cruzeiro;485000.0;62.0;Apartamento;1.0;3.0;
cruzeiro;435000.0;62.0;Apartamento;;3.0;
cruzeiro;520000.0;64.0;Apartamento;;2.0;
cruzeiro;960000.0;120.0;Casa;1.0;3.0;5.0
cruzeiro;430000.0;65.0;Apartamento;;3.0;
cruzeiro;485000.0;65.0;Apartamento;;3.0;
cruzeiro;647000.0;67.0;Apartamento;1.0;2.0;
cruzeiro;670000.0;79.0;Apartamento;1.0;3.0;2.0
cruzeiro;500000.0;52.0;Apartamento;;2.0;
cruzeiro;399000.0;64.0;Apartamento;;3.0;
cruzeiro;770000.0;100.0;Casa;2.0;4.0;4.0
cruzeiro;290000.0;37.0;Kitnet;;1.0;2.0
cruzeiro;969000.0;220.0;Casa;1.0;5.0;4.0
cruzeiro;435000.0;62.0;Apartamento;;3.0;1.0
cruzeiro;425000.0;65.0;Apartamento;;3.0;
cruzeiro;780000.0;120.0;Casa;1.0;4.0;2.0
cruzeiro;420000.0;70.0;Apartamento;1.0;3.0;
cruzeiro;620000.0;67.0;Apartamento;1.0;3.0;
cruzeiro;385000.0;57.0;Apartamento;;2.0;
cruzeiro;750000.0;137.0;Apartamento;1.0;4.0;1.0
cruzeiro;650000.0;74.0;Apartamento;1.0;3.0;
cruzeiro;430000.0;64.0;Apartamento;;3.0;
cruzeiro;510000.0;62.0;Apartamento;;3.0;
cruzeiro;700000.0;200.0;Casa;1.0;4.0;1.0
cruzeiro;670000.0;64.0;Apartamento;1.0;3.0;
cruzeiro;520000.0;63.0;Apartamento;;2.0;
cruzeiro;410000.0;80.0;Apartamento;;2.0;
cruzeiro;830000.0;90.0;Casa;;3.0;2.0
cruzeiro;485000.0;65.0;Apartamento;;3.0;
cruzeiro;420000.0;98.0;Apartamento;;3.0;1.0
cruzeiro;450000.0;70.0;Apartamento;;3.0;
cruzeiro;620000.0;64.0;Apartamento;1.0;3.0;
cruzeiro;1290000.0;270.0;Casa;;8.0;7.0
cruzeiro;470000.0;63.0;Apartamento;;3.0;
cruzeiro;450000.0;65.0;Apartamento;1.0;3.0;
cruzeiro;415000.0;61.0;Apartamento;1.0;3.0;
cruzeiro;210000.0;30.0;Kitnet;;1.0;1.0
cruzeiro;420000.0;67.0;Apartamento;1.0;3.0;
santa-maria;168000.0;60.0;Apartamento;;2.0;2.0
santa-maria;160000.0;60.0;Casa;;3.0;2.0
santa-maria;155000.0;44.0;Apartamento;;2.0;1.0
santa-maria;780000.0;550.0;Casa;;8.0;2.0
santa-maria;749900.0;200.0;Casa;2.0;4.0;4.0
santa-maria;140000.0;44.0;Apartamento;;2.0;1.0
santa-maria;698000.0;372.0;Casa;2.0;6.0;4.0
santa-maria;169000.0;45.0;Apartamento;1.0;2.0;1.0
santa-maria;286000.0;103.0;Apartamento;1.0;3.0;1.0
santa-maria;590000.0;280.0;Casa;2.0;4.0;2.0
santa-maria;200000.0;150.0;Casa;;3.0;2.0
santa-maria;230000.0;150.0;Casa;;4.0;2.0
santa-maria;182000.0;44.0;Apartamento;;2.0;
santa-maria;170000.0;72.0;Apartamento;;2.0;1.0
santa-maria;150000.0;150.0;Casa;;2.0;1.0
santa-maria;349000.0;77.0;Casa;2.0;2.0;2.0
santa-maria;145000.0;45.0;Apartamento;;2.0;1.0
santa-maria;145000.0;50.0;Apartamento;1.0;2.0;1.0
santa-maria;160000.0;88.0;Casa;;2.0;2.0
santa-maria;177000.0;60.0;Apartamento;1.0;3.0;1.0
santa-maria;179000.0;65.0;Apartamento;1.0;3.0;1.0
santa-maria;400000.0;280.0;Casa;2.0;5.0;
santa-maria;159000.0;45.0;Apartamento;;159.0;
santa-maria;190000.0;150.0;Casa;1.0;4.0;3.0
santa-maria;250000.0;150.0;Casa;1.0;5.0;2.0
santa-maria;390000.0;160.0;Casa;1.0;3.0;4.0
santa-maria;145000.0;44.0;Apartamento;;2.0;1.0
santa-maria;690000.0;400.0;Casa;3.0;5.0;3.0
santa-maria;78934.0;47.0;Apartamento;;2.0;1.0
santa-maria;185000.0;58.0;Apartamento;1.0;3.0;1.0
santa-maria;198000.0;60.0;Casa;1.0;2.0;1.0
santa-maria;650000.0;250.0;Casa;1.0;4.0;4.0
santa-maria;118785.0;60.0;Apartamento;;2.0;1.0
santa-maria;295000.0;300.0;Casa;2.0;6.0;
santa-maria;153000.0;50.0;Apartamento;;2.0;1.0
santa-maria;450000.0;250.0;Casa;1.0;5.0;2.0
santa-maria;650000.0;200.0;Casa;1.0;3.0;2.0
santa-maria;180000.0;100.0;Casa;1.0;3.0;2.0
santa-maria;105000.0;50.0;Apartamento;;2.0;1.0
santa-maria;300000.0;102.0;Apartamento;1.0;3.0;3.0
paranoa;790000.0;281.0;Casa;3.0;4.0;5.0
paranoa;530000.0;322.0;Casa;4.0;4.0;1.0
paranoa;630000.0;321.0;Casa;3.0;5.0;
paranoa;280000.0;170.0;Casa;1.0;3.0;5.0
paranoa;350000.0;180.0;Casa;1.0;4.0;
paranoa;1270000.0;383.0;Casa;2.0;5.0;4.0
paranoa;550000.0;80.0;Casa;;2.0;1.0
paranoa;160000.0;70.0;Casa;;2.0;4.0
paranoa;400000.0;360.0;Pr√©dio;;3.0;
paranoa;450000.0;550.0;Pr√©dio;3.0;3.0;1.0
paranoa;315000.0;220.0;Casa;2.0;5.0;2.0
paranoa;300000.0;222.0;Casa;1.0;4.0;1.0
paranoa;320000.0;300.0;Casa;1.0;4.0;3.0
paranoa;350000.0;130.0;Casa;3.0;3.0;1.0
paranoa;1075000.0;285.0;Casa;1.0;4.0;1.0
paranoa;980000.0;580.0;Casa;5.0;5.0;2.0
paranoa;550000.0;70.0;Casa;;2.0;
paranoa;740000.0;250.0;Casa;2.0;3.0;2.0
paranoa;750000.0;360.0;Casa;1.0;4.0;4.0
planaltina;550000.0;240.0;Casa;1.0;3.0;2.0
planaltina;380000.0;170.0;Casa;2.0;2.0;2.0
planaltina;360000.0;315.0;Casa;1.0;2.0;4.0
planaltina;160000.0;135.0;Casa;1.0;2.0;4.0
planaltina;350000.0;280.0;Casa;1.0;3.0;5.0
planaltina;1550000.0;420.0;Casa;3.0;6.0;5.0
planaltina;100000.0;105.0;Casa;1.0;4.0;4.0
planaltina;155000.0;128.0;Casa;;3.0;1.0
planaltina;950000.0;380.0;Casa;1.0;3.0;4.0
planaltina;155000.0;100.0;Casa;;3.0;2.0
planaltina;580000.0;250.0;Casa;;3.0;
planaltina;635000.0;235.0;Casa;1.0;4.0;4.0
planaltina;1150000.0;600.0;Casa;1.0;3.0;5.0
planaltina;350000.0;175.0;Casa;;3.0;1.0
planaltina;580000.0;214.0;Casa;1.0;3.0;3.0
planaltina;480000.0;200.0;Casa;1.0;3.0;6.0
planaltina;1300000.0;400.0;Pr√©dio;;4.0;
planaltina;430000.0;180.0;Casa;;4.0;2.0
planaltina;250000.0;130.0;Casa;1.0;3.0;1.0
planaltina;450000.0;200.0;Casa;2.0;5.0;
planaltina;142000.0;49.0;Apartamento;;2.0;1.0
planaltina;258000.0;150.0;Casa;1.0;4.0;3.0
setor-industrial;1590000.0;121.0;Apartamento;2.0;4.0;2.0
setor-industrial;1850000.0;610.0;Pr√©dio;;1.0;10.0
setor-industrial;330000.0;34.0;Apartamento;1.0;1.0;1.0
setor-industrial;1120000.0;87.0;Apartamento;1.0;3.0;2.0
setor-industrial;870000.0;77.0;Apartamento;2.0;2.0;1.0
setor-industrial;780000.0;64.0;Apartamento;1.0;2.0;1.0
sao-sebastiao;495000.0;170.0;Casa;2.0;3.0;2.0
sao-sebastiao;450000.0;286.0;Casa;1.0;3.0;3.0
sao-sebastiao;450000.0;208.0;Casa;1.0;4.0;4.0
sao-sebastiao;500000.0;200.0;Casa;1.0;2.0;2.0
sao-sebastiao;265000.0;159.0;Casa;1.0;2.0;2.0
sao-sebastiao;450000.0;200.0;Casa;1.0;3.0;3.0
sao-sebastiao;170000.0;100.0;Casa;;2.0;4.0
sao-sebastiao;180000.0;150.0;Casa;1.0;4.0;
sao-sebastiao;630000.0;348.0;Pr√©dio;8.0;8.0;
sao-sebastiao;270000.0;200.0;Casa;;3.0;
sao-sebastiao;265000.0;190.0;Casa;;4.0;1.0
sao-sebastiao;600000.0;300.0;Casa;1.0;4.0;2.0
sao-sebastiao;350000.0;206.0;Casa;;5.0;1.0
sao-sebastiao;260000.0;70.0;Casa;1.0;2.0;2.0
sao-sebastiao;180000.0;70.0;Casa;2.0;3.0;1.0
sao-sebastiao;620000.0;1400.0;Casa;1.0;3.0;20.0
sao-sebastiao;370000.0;257.0;Casa;1.0;6.0;5.0
sao-sebastiao;180.0;70.0;Casa;;2.0;1.0
sao-sebastiao;560000.0;200.0;Pr√©dio;;2.0;
sao-sebastiao;399000.0;350.0;Casa;1.0;5.0;3.0
sao-sebastiao;400000.0;100.0;Casa;2.0;4.0;2.0
brazlandia;350000.0;350.0;Casa;1.0;3.0;5.0
brazlandia;380000.0;160.0;Casa;;3.0;2.0
brazlandia;230000.0;96.0;Casa;1.0;4.0;1.0
brazlandia;350000.0;128.0;Casa;2.0;4.0;2.0
brazlandia;360000.0;170.0;Casa;1.0;3.0;1.0
brazlandia;300000.0;200.0;Casa;2.0;5.0;2.0
brazlandia;850000.0;176.0;Casa;1.0;3.0;4.0
brazlandia;280000.0;160.0;Casa;1.0;3.0;1.0
brazlandia;450000.0;80.0;Casa;;2.0;5.0
brazlandia;375000.0;496.0;Casa;;1.0;1.0
brazlandia;400000.0;68.0;Casa;1.0;3.0;4.0
alphaville;1305000.0;300.0;Casa;4.0;4.0;3.0
alphaville;830000.0;200.0;Casa;3.0;3.0;2.0
alphaville;950000.0;465.0;Casa;3.0;4.0;4.0
alphaville;1117500.0;250.0;Casa;3.0;3.0;2.0
alphaville;2080000.0;400.0;Casa;4.0;4.0;3.0
alphaville;1492500.0;350.0;Casa;4.0;4.0;3.0
alphaville;830000.0;200.0;Casa;;3.0;
alphaville;650000.0;90.0;Apartamento;2.0;2.0;1.0
alphaville;890000.0;320.0;Casa;3.0;3.0;2.0
alphaville;920000.0;230.0;Casa;;3.0;
alphaville;1130000.0;350.0;Casa;;4.0;
alphaville;1280000.0;350.0;Casa;;4.0;
alphaville;695000.0;5000.0;Casa;1.0;2.0;
alphaville;666406.0;150.0;Casa;3.0;3.0;4.0
alphaville;980000.0;250.0;Casa;3.0;3.0;
alphaville;1730000.0;500.0;Casa;4.0;4.0;
candangolandia;928000.0;360.0;Casa;3.0;4.0;4.0
candangolandia;900000.0;300.0;Casa;3.0;5.0;3.0
candangolandia;550000.0;100.0;Casa;2.0;2.0;2.0
candangolandia;719999.0;270.0;Casa;2.0;4.0;3.0
candangolandia;750000.0;267.0;Casa;1.0;4.0;3.0
candangolandia;599000.0;120.0;Casa;2.0;3.0;2.0
candangolandia;920000.0;400.0;Casa;2.0;4.0;7.0
candangolandia;690000.0;300.0;Casa;1.0;5.0;3.0
candangolandia;199000.0;60.0;Apartamento;;2.0;
candangolandia;320000.0;50.0;Casa;;2.0;
candangolandia;595000.0;200.0;Casa;2.0;3.0;2.0
candangolandia;450000.0;110.0;Casa;1.0;3.0;3.0
candangolandia;530000.0;200.0;Casa;2.0;4.0;2.0
candangolandia;199000.0;60.0;Apartamento;;2.0;
candangolandia;920000.0;414.0;Casa;2.0;6.0;6.0
candangolandia;650000.0;168.0;Casa;2.0;4.0;2.0
candangolandia;350000.0;200.0;Casa;1.0;2.0;2.0
candangolandia;425000.0;100.0;Apartamento;2.0;2.0;2.0
candangolandia;800000.0;255.0;Casa;2.0;5.0;3.0
candangolandia;421200.0;31.0;Casa;;4.0;2.0
candangolandia;720000.0;120.0;Casa;1.0;5.0;3.0
candangolandia;550000.0;200.0;Casa;2.0;4.0;2.0
candangolandia;890000.0;200.0;Casa;2.0;3.0;2.0
candangolandia;840000.0;279.0;Casa;1.0;4.0;2.0
candangolandia;410000.0;1.0;Casa;1.0;3.0;4.0
candangolandia;890000.0;301.0;Casa;2.0;3.0;3.0
candangolandia;720000.0;127.0;Casa;2.0;4.0;3.0
candangolandia;850000.0;205.0;Casa;1.0;4.0;2.0
candangolandia;398000.0;90.0;Casa;;3.0;2.0
candangolandia;750000.0;120.0;Casa;1.0;4.0;2.0
candangolandia;199999.0;60.0;Apartamento;;2.0;
candangolandia;350000.0;60.0;Casa;;2.0;2.0
candangolandia;350000.0;240.0;Casa;1.0;3.0;22.0
candangolandia;1500000.0;250.0;Casa;;6.0;6.0
candangolandia;810000.0;263.0;Casa;1.0;4.0;4.0
candangolandia;580000.0;249.0;Casa;1.0;3.0;2.0
candangolandia;840000.0;279.0;Casa;1.0;4.0;2.0
candangolandia;450000.0;120.0;Casa;1.0;3.0;1.0
candangolandia;650000.0;220.0;Casa;3.0;3.0;3.0
candangolandia;750000.0;120.0;Casa;1.0;6.0;4.0
candangolandia;300000.0;150.0;Casa;;2.0;1.0
candangolandia;425000.0;70.0;Casa;;3.0;3.0
candangolandia;850000.0;251.0;Casa;2.0;5.0;3.0
candangolandia;750000.0;306.0;Casa;1.0;6.0;4.0
candangolandia;349000.0;120.0;Casa;;3.0;1.0
candangolandia;648000.0;226.0;Casa;3.0;3.0;2.0
varjao;410000.0;245.0;Casa;;5.0;2.0
varjao;245000.0;30.0;Casa;;1.0;
varjao;600000.0;280.0;Casa;2.0;4.0;2.0
varjao;580000.0;160.0;Pr√©dio;1.0;1.0;
varjao;180000.0;60.0;Apartamento;;2.0;1.0
vila-estrutural;350000.0;384.0;Casa;2.0;4.0;6.0
vila-estrutural;530000.0;384.0;Casa;;4.0;4.0
vila-estrutural;75000.0;84.0;Casa;;2.0;
vila-estrutural;530000.0;384.0;Casa;;8.0;3.0
vila-estrutural;160000.0;60.0;Casa;;2.0;2.0
vila-estrutural;150000.0;95.0;Casa;;2.0;2.0
vila-estrutural;300000.0;170.0;Casa;1.0;3.0;4.0
vila-estrutural;500000.0;300.0;Casa;1.0;6.0;3.0
vila-estrutural;790000.0;290.0;Casa;2.0;3.0;7.0
vila-estrutural;180000.0;104.0;Casa;;3.0;1.0
vila-estrutural;150000.0;90.0;Casa;;3.0;1.0
vila-estrutural;180000.0;80.0;Casa;1.0;2.0;1.0
vila-estrutural;199500.0;136.0;Casa;;3.0;
vila-estrutural;199500.0;80.0;Casa;;3.0;3.0
vila-estrutural;150000.0;99.0;Casa;1.0;2.0;2.0
