Valor,Bairro,Area,Quartos,Vagas,Banheiros,m2
585000.0,Norte,79,3,1,2,7405
1280000.0,Taguatinga Norte,360,4,3,3,3556
580000.0,Setor Habitacional Vicente Pires,210,3,4,3,2762
1170000.0,Asa Sul,86,3,1,2,13605
699000.0,Setor Habitacional Tororo,137,3,2,3,5102
2400000.0,Asa Norte,173,4,2,4,13873
310000.0,Varjão,130,3,2,2,2385
160000.0,Samambaia Norte,145,3,2,3,1103
435000.0,Norte,60,2,1,2,7250
250000.0,Taguatinga Norte,52,2,1,2,4808
400000.0,Veredas,200,3,4,2,2000
395000.0,Samambaia Norte,174,4,2,3,2270
179900.0,Samambaia Norte,47,2,1,1,3828
85000.0,Ceilandia Norte,120,3,4,2,708
1900000.0,Setor Habitacional Vicente Pires,550,4,8,3,3455
265000.0,Sobradinho,83,2,2,2,3193
1050000.0,Grande Colorado,470,5,4,3,2234
247000.0,Samambaia Sul,52,2,1,2,4750
580000.0,Setor Habitacional Vicente Pires,210,3,4,3,2762
530000.0,Norte,84,3,2,2,6310
650000.0,Setor de Mansões de Sobradinho,272,3,4,3,2390
180000.0,Samambaia Norte,90,3,4,3,2000
200000.0,Setor Oeste,138,2,2,2,1449
540000.0,Lago Norte,68,2,2,2,7941
380000.0,Riacho Fundo II,135,3,3,3,2815
750000.0,Ponte Alta Norte,238,3,2,4,3151
1450000.0,Lago Sul,400,4,6,5,3625
510000.0,Setor Habitacional Vicente Pires Trecho 3,200,3,6,3,2550
220000.0,Riacho Fundo II,140,3,2,3,1571
320000.0,Ceilandia Norte,100,3,3,2,3200
296209.0,Samambaia,60,2,1,2,4937
230000.0,Ceilandia Norte,51,2,1,1,4510
320000.0,Ceilandia Sul,144,3,3,2,2222
219900.0,Samambaia Sul,105,3,3,2,2094
693096.0,Asa Norte,39,1,1,1,17772
530000.0,Norte,84,3,2,2,6310
1150000.0,Regiao dos Lagos,450,4,4,4,2556
1300000.0,Setor Habitacional Vicente Pires,366,4,4,6,3552
180000.0,Sobradinho,200,4,5,3,900
320000.0,Ceilandia Norte,120,2,3,2,2667
179000.0,Santa Maria,98,3,2,1,1827
365000.0,Setor de Mansões de Sobradinho,117,3,3,2,3120
438000.0,Sul,55,2,1,2,7964
340000.0,Sobradinho,243,4,4,5,1399
240000.0,nan,120,3,2,2,2000
530000.0,Setor de Mansões de Sobradinho,128,3,5,4,4141
330000.0,Setor Oeste,176,3,2,4,1875
355000.0,Residencial Santos Dumont,180,4,4,3,1972
285000.0,Samambaia Sul,130,3,3,1,2192
1401000.0,Asa Sul,130,4,1,3,10777
280000.0,Ceilandia Sul,120,2,3,3,2333
295000.0,Ceilândia,135,2,3,2,2185
325000.0,Ceilandia Norte,144,3,3,2,2257
3859216.0,Setor Noroeste,195,4,4,5,19791
1807113.0,Asa Norte,127,3,2,4,14229
474706.0,Sul,67,2,2,2,7085
389000.0,Aguas Claras,44,1,1,1,8841
1280000.0,Asa Sul,160,4,1,3,8000
3650000.0,Setor de Habitacoes Individuais Sul,600,4,4,6,6083
225000.0,Samambaia Norte,75,2,3,2,3000
250000.0,Riacho Fundo II,130,4,2,2,1923
330000.0,Recanto das Emas,150,4,3,1,2200
244900.0,Samambaia,59,3,1,2,4151
540000.0,Lago Norte,68,2,2,2,7941
350000.0,Sobradinho,120,3,2,2,2917
295000.0,Setor Habitacional Arniqueira,120,3,4,1,2458
580000.0,Guará,53,2,1,2,10943
320000.0,Brazlândia,220,3,12,3,1455
220000.0,Taguatinga Norte,65,2,2,2,3385
470000.0,Setor Habitacional Jardim Botânico,70,3,2,3,6714
350000.0,Setor Oeste,350,6,2,3,1000
190000.0,Ceilandia Sul,250,3,3,2,760
350000.0,Samambaia Norte,202,3,2,3,1733
285000.0,Taguatinga Norte,130,3,2,2,2192
287000.0,Samambaia,150,3,2,2,1913
309000.0,Sobradinho,60,2,1,2,5150
582794.0,Asa Sul,48,1,1,1,12142
530000.0,Norte,84,3,2,2,6310
310000.0,Samambaia Sul,59,2,1,2,5254
330000.0,Areal,160,5,2,4,2062
240000.0,Samambaia Norte,54,2,1,2,4444
390000.0,Sul,62,2,1,2,6290
424326.0,Sul,55,2,1,2,7715
380000.0,Ceilandia Sul,135,3,3,3,2815
485000.0,Lago Norte,58,2,1,1,8362
315000.0,Ceilandia Norte,1100,2,5,3,286
590000.0,Taguatinga,66,2,1,3,8939
380000.0,Guara II,128,3,2,3,2969
220000.0,Taguatinga,65,2,2,2,3385
400000.0,Samambaia Sul,116,3,2,3,3448
380000.0,Riacho Fundo II,200,3,3,4,1900
280000.0,Gama,147,3,3,2,1905
260000.0,Samambaia Norte,150,2,2,1,1733
585000.0,Setor Habitacional Vicente Pires,122,3,2,3,4795
259000.0,Samambaia Norte,59,2,1,2,4390
3303632.0,Setor Noroeste,306,4,5,5,10796
2062131.0,Setor Noroeste,147,4,3,6,14028
3582585.0,Setor Noroeste,248,3,4,6,14446
910000.0,Setor Habitacional Arniqueira,250,3,2,4,3640
1857000.0,Zona Industrial,154,4,3,6,12058
96000.0,Condominio Prive Lucena Roriz,180,3,2,1,533
225000.0,Samambaia Sul,49,2,1,1,4592
179000.0,Ceilandia Norte,126,2,2,1,1421
300000.0,Sobradinho,249,4,4,3,1205
320000.0,Recanto das Emas,200,3,3,3,1600
479000.0,Setor Habitacional Arniqueira,180,3,4,3,2661
870000.0,Setor Habitacional Vicente Pires,350,4,2,5,2486
150000.0,Ceilândia,80,2,2,1,1875
299900.0,Ceilandia Sul,250,3,4,1,1200
230000.0,Recanto das Emas,70,2,2,1,3286
265000.0,Ceilandia Sul,135,3,3,3,1963
280000.0,Gama,60,2,1,2,4667
1100000.0,Setor Noroeste,88,2,2,2,12500
250000.0,Guara II,70,2,2,1,3571
1828104.0,Setor Noroeste,144,2,3,4,12695
2718435.0,Setor Noroeste,174,4,3,6,15623
2305825.0,Setor Noroeste,169,2,3,5,13644
1450000.0,Setor Noroeste,109,3,2,4,13303
2200000.0,Lago Norte,523,5,5,8,4207
3299484.0,Setor Noroeste,292,4,4,4,11300
1699994.0,Grande Colorado,699,4,4,6,2432
310000.0,Norte,54,2,1,2,5741
800000.0,Setor Residencial Mestre D Armas,47000,4,2,6,17
279994.0,Ceilandia Norte,64,3,1,2,4375
189000.0,Riacho Fundo II,83,2,1,1,2277
179900.0,Ceilandia Norte,143,2,4,1,1258
700000.0,nan,20000,4,3,2,35
200000.0,Samambaia Sul,118,2,2,1,1695
299000.0,Recanto das Emas,125,3,2,3,2392
369000.0,Ceilandia Sul,135,3,2,3,2733
750000.0,Setor Habitacional Vicente Pires,230,3,4,4,3261
210000.0,Ceilandia Norte,132,3,3,3,1591
540000.0,Aguas Claras,75,3,1,2,7200
590000.0,Setor Habitacional Vicente Pires,210,3,3,3,2810
148900.0,Santa Maria,60,2,1,1,2482
260000.0,Taguatinga Norte,97,3,2,2,2680
340000.0,Ceilandia Norte,135,3,2,2,2519
4529596.0,Setor Noroeste,332,4,4,8,13643
3842949.0,Setor Noroeste,262,3,3,6,14668
2101895.0,Setor Noroeste,130,3,2,5,16168
899999.0,Guara II,246,4,4,3,3659
530000.0,Norte,84,3,2,2,6310
165000.0,nan,112,2,2,2,1473
380000.0,Riacho Fundo II,135,3,3,3,2815
190000.0,Santa Maria,100,3,2,2,1900
270000.0,Setor Habitacional Vicente Pires Trecho 3,160,4,4,3,1688
450000.0,Riacho Fundo II,300,3,2,3,1500
390000.0,Ceilandia Sul,144,5,3,3,2708
330000.0,Ceilandia Sul,250,4,2,2,1320
1280000.0,Asa Sul,160,4,1,3,8000
215000.0,Samambaia Sul,130,3,3,2,1654
235000.0,Taguatinga Centro,70,2,1,1,3357
550000.0,Norte,83,2,1,3,6627
189000.0,Samambaia Norte,130,3,3,2,1454
300000.0,Itapoã I,222,4,1,3,1351
600000.0,Taguatinga Sul,200,3,4,2,3000
319000.0,Ceilandia Norte,250,3,5,2,1276
295000.0,Riacho Fundo I,150,3,3,1,1967
974240.0,Setor Noroeste,71,2,1,3,13722
2429749.0,Setor Noroeste,165,4,3,6,14726
1412000.0,Setor Noroeste,103,3,2,3,13709
650000.0,Setor Habitacional Arniqueira,400,3,4,3,1625
1199000.0,Setor Habitacional Vicente Pires,250,3,2,5,4796
220000.0,Samambaia Sul,128,3,2,2,1719
479000.0,Ceilandia Sul,250,3,6,4,1916
148000.0,Ceilandia Norte,126,3,2,2,1175
300000.0,Recanto das Emas,127,3,3,3,2362
390000.0,Guara II,128,3,2,3,3047
280000.0,Setor Habitacional Vicente Pires,64,2,1,2,4375
325000.0,Santa Maria,150,3,5,1,2167
1270000.0,Regiao dos Lagos,300,4,3,5,4233
780000.0,Setor Habitacional Arniqueira,200,3,4,4,3900
400000.0,Samambaia Norte,120,5,2,4,3333
270000.0,Ceilandia Sul,143,3,4,2,1888
350000.0,Ceilandia Sul,200,3,5,3,1750
300000.0,Riacho Fundo II,152,3,2,3,1974
350000.0,Riacho Fundo I,145,3,2,2,2414
650000.0,Vila Sao Jose,250,4,4,4,2600
280000.0,Recanto das Emas,150,3,5,2,1867
1060500.0,Setor Noroeste,73,2,1,3,14527
1945500.0,Setor Noroeste,152,4,3,6,12799
1907673.0,Setor Noroeste,110,3,2,4,17342
530000.0,Norte,84,3,2,2,6310
350000.0,Riacho Fundo I,200,3,2,3,1750
350000.0,Riacho Fundo I,200,3,2,3,1750
330000.0,Paranoá,128,4,2,6,2578
590000.0,Setor Habitacional Arniqueira,550,3,6,3,1073
240000.0,Taguatinga Norte,62,2,1,2,3871
355000.0,Residencial Santos Dumont,180,4,2,4,1972
450000.0,Ceilandia Norte,260,4,3,3,1731
1050000.0,Setor Habitacional Jardim Botânico,262,5,4,5,4008
105000.0,Ceilandia Sul,57,2,1,2,1842
180000.0,Samambaia Norte,130,3,2,3,1385
790000.0,Setor Habitacional Vicente Pires,300,3,2,3,2633
360000.0,Samambaia Sul,110,3,3,2,3273
880000.0,Guara II,200,5,5,3,4400
700000.0,Aguas Claras,118,3,2,3,5932
250000.0,Taguatinga Norte,140,3,3,2,1786
235000.0,Recanto das Emas,170,2,4,1,1382
230000.0,Gama,168,3,2,2,1369
2050320.0,Setor Noroeste,154,3,3,5,13314
3818712.0,Setor Noroeste,303,4,4,6,12603
3996984.0,Setor Noroeste,293,4,4,6,13642
850000.0,Setor Habitacional Vicente Pires,280,3,2,3,3036
500000.0,Setor Sul,200,4,4,5,2500
480000.0,Paranoá,120,3,4,5,4000
220000.0,Samambaia Sul,59,2,1,2,3729
235000.0,Recanto das Emas,170,2,4,2,1382
995000.0,Setor Habitacional Arniqueira,800,4,4,5,1244
181900.0,Samambaia Sul,54,2,1,2,3369
370000.0,Taguatinga Norte,250,3,2,2,1480
220000.0,Samambaia Norte,108,2,2,1,2037
610000.0,Riacho Fundo I,175,4,5,3,3486
400000.0,Setor Oeste,275,3,3,2,1455
430000.0,Taguatinga Sul,240,3,3,3,1792
550000.0,Riacho Fundo I,144,3,3,3,3819
215000.0,Samambaia Sul,51,2,1,2,4216
280000.0,Samambaia Sul,110,2,2,2,2545
1180000.0,Setor Habitacional Jardim Botânico,571,5,4,5,2067
248000.0,Samambaia Sul,53,2,1,2,4679
365000.0,Setor Habitacional Contagem,120,3,10,3,3042
315000.0,Zona Industrial,34,1,1,1,9265
248241.0,Guara I,31,1,1,1,8008
960000.0,Sul,112,3,2,3,8571
1300000.0,Setor Habitacional Vicente Pires,366,4,4,6,3552
820000.0,Sul,123,4,2,4,6667
390000.0,Taguatinga Norte,150,3,4,2,2600
224999.0,Ceilandia Sul,250,3,2,2,900
290000.0,Riacho Fundo II,153,3,2,4,1895
235000.0,Ceilandia Norte,58,2,1,2,4052
237000.0,Ceilandia Norte,135,2,2,2,1756
169900.0,Ceilandia Norte,80,2,2,1,2124
1200000.0,Asa Norte,128,3,1,3,9375
280000.0,Samambaia Norte,127,2,2,2,2205
650000.0,Setor Habitacional Vicente Pires,220,3,5,3,2955
249999.0,Ceilandia Norte,187,3,4,3,1337
250000.0,Samambaia Norte,58,2,1,2,4310
360000.0,Residencial Bica do DER,315,2,4,3,1143
220000.0,Setor de Mansões de Sobradinho,120,4,5,1,1833
260000.0,Ceilandia Sul,135,3,2,2,1926
70000.0,Samambaia Sul,57,2,1,2,1228
190000.0,Setor Habitacional Vicente Pires,60,2,1,2,3167
325000.0,Setor de Mansões de Sobradinho,250,3,2,2,1300
954411.0,Sul,128,4,2,4,7456
620000.0,Regiao dos Lagos,230,4,3,3,2696
400000.0,Riacho Fundo I,69,2,1,2,5797
910000.0,Setor Habitacional Arniqueira,250,3,2,4,3640
290000.0,Ceilandia Norte,222,5,4,4,1306
200000.0,Ceilandia Norte,180,3,3,1,1111
191900.0,Samambaia Sul,60,2,1,2,3198
230000.0,Setor Habitacional Vicente Pires,67,2,1,2,3433
199000.0,Taguatinga Norte,83,2,2,1,2398
360000.0,Recanto das Emas,150,3,4,2,2400
290000.0,Ceilandia Norte,130,3,3,2,2231
490000.0,Setor Habitacional Arniqueira,120,3,2,2,4083
205000.0,Samambaia Sul,120,3,3,2,1708
1280000.0,Setor Habitacional Jardim Botânico,450,3,2,4,2844
360000.0,Recanto das Emas,200,4,3,3,1800
280000.0,Samambaia Norte,150,3,2,2,1867
220000.0,Ceilandia Norte,140,3,3,3,1571
138000.0,Ceilandia Sul,100,2,4,2,1380
680000.0,Taguatinga Norte,215,3,4,4,3163
249000.0,Vicente Pires,68,2,1,1,3662
249999.0,Ceilandia Norte,135,2,2,2,1852
763655.0,Sul,103,3,2,4,7414
650000.0,Sul,103,3,1,4,6311
369726.0,Areal,59,2,1,2,6267
530000.0,Norte,84,3,2,2,6310
1200000.0,Setor Habitacional Vicente Pires,306,3,4,6,3922
580000.0,Setor Habitacional Vicente Pires,210,3,4,3,2762
390000.0,Ponte Alta Norte,112,2,2,3,3482
295000.0,Sobradinho,120,3,2,3,2458
180000.0,Ceilandia Norte,126,2,2,1,1429
349000.0,Setor Habitacional Arniqueira,200,4,4,2,1745
265000.0,Taguatinga Norte,181,4,2,3,1464
235000.0,Samambaia Sul,54,2,1,2,4352
285000.0,Ceilandia Norte,135,3,2,2,2111
220000.0,Ceilandia Norte,189,3,5,2,1164
320000.0,Ceilandia Norte,90,3,2,2,3556
800000.0,Setor Habitacional Arniqueira,200,3,2,3,4000
750000.0,Setor Habitacional Arniqueira,400,5,4,5,1875
550000.0,Aguas Claras,73,3,1,2,7534
340000.0,Riacho Fundo I,144,4,2,3,2361
230000.0,Samambaia Sul,112,2,2,2,2054
890000.0,Setor Habitacional Vicente Pires Trecho 3,250,4,4,5,3560
380000.0,Santa Maria,150,3,3,3,2533
1100000.0,Setor Habitacional Vicente Pires,960,5,4,5,1146
799994.0,Taguatinga Sul,250,4,4,4,3200
577146.0,Sul,65,2,1,3,8879
220000.0,Taguatinga Sul,36,1,1,1,6111
3299484.0,Setor Noroeste,292,4,4,4,11300
1280000.0,Asa Sul,160,4,1,3,8000
340000.0,Taguatinga Norte,179,4,2,3,1899
225000.0,Ceilandia Norte,120,2,2,2,1875
210000.0,Ceilandia Norte,110,2,3,1,1909
330000.0,Samambaia Sul,59,2,1,2,5593
415000.0,Taguatinga Norte,250,3,5,3,1660
980000.0,Setor Habitacional Arniqueira,1666,3,2,4,588
650000.0,Setor Habitacional Jardim Botânico,220,3,2,3,2955
920000.0,Setor Habitacional Vicente Pires,600,5,5,5,1533
219994.0,Ceilandia Norte,121,3,2,2,1818
380000.0,Ceilandia Norte,166,3,3,3,2289
380000.0,Ceilandia Sul,220,4,2,4,1727
418000.0,Norte,60,2,1,2,6967
350000.0,Samambaia Norte,122,3,2,2,2869
290000.0,Samambaia Norte,69,3,1,2,4203
250000.0,Ceilandia Norte,126,3,2,2,1984
130000.0,Ceilandia Norte,63,2,2,2,2063
990000.0,Setor Habitacional Jardim Botânico,450,4,4,5,2200
303555.0,Samambaia Sul,59,2,1,2,5145
292967.0,Ceilândia Sul,54,2,1,2,5425
320000.0,Sul,63,1,1,1,5079
285000.0,Setor Habitacional Vicente Pires,52,2,1,1,5481
500000.0,Riacho Fundo II,180,2,6,2,2778
300000.0,Samambaia Norte,130,3,4,2,2308
248000.0,Riacho Fundo II,90,3,3,2,2756
395000.0,Ceilandia Norte,135,7,2,4,2926
790000.0,Ponte Alta Norte,280,3,4,3,2821
370000.0,Setor Habitacional Vicente Pires Trecho 3,160,3,2,2,2312
215000.0,Samambaia Sul,44,2,1,1,4886
1290000.0,Setor Noroeste,86,2,2,2,15000
535000.0,Sul,67,2,1,2,7985
995000.0,Setor Habitacional Arniqueira,800,4,4,5,1244
1900000.0,Sobradinho,820,5,6,8,2317
250000.0,Samambaia Sul,112,3,2,1,2232
199000.0,Samambaia,54,2,1,2,3685
295000.0,Ceilandia Sul,100,2,3,2,2950
410000.0,Riacho Fundo I,270,3,3,3,1519
137158.0,Samambaia Sul,43,2,1,1,3190
940000.0,Taguatinga Norte,220,3,3,4,4273
380000.0,Samambaia Norte,130,4,2,3,2923
180000.0,Vicente Pires,60,2,1,2,3000
270000.0,Samambaia Norte,112,3,2,2,2411
430000.0,Taguatinga Norte,140,3,4,3,3071
880000.0,Setor Habitacional Samambaia,350,4,4,7,2514
95000.0,Setor Habitacional Sol Nascente,200,2,2,1,475
308000.0,Setor Industrial,58,2,1,2,5310
250000.0,Ceilandia Sul,58,2,1,2,4310
990000.0,Taguatinga Sul,180,3,2,4,5500
430000.0,Vicente Pires,300,3,5,2,1433
220000.0,Vicente Pires,62,2,1,2,3548
150000.0,Samambaia Norte,110,3,3,1,1364
340000.0,Samambaia Norte,250,3,4,2,1360
260000.0,Samambaia Norte,73,3,2,3,3562
145000.0,Setor Habitacional Vicente Pires,62,2,1,1,2339
260000.0,Samambaia Sul,58,2,1,2,4483
264000.0,Samambaia Norte,59,2,1,2,4475
125000.0,MANSOES POR DO SOL,40,2,1,1,3125
539994.0,Norte,58,2,1,2,9310
630000.0,Asa Norte,59,1,1,1,10678
330000.0,Samambaia Norte,105,3,2,2,3143
215000.0,Samambaia Sul,52,2,2,2,4135
320000.0,Taguatinga Norte,135,3,2,1,2370
269000.0,Samambaia Norte,59,2,1,2,4559
890000.0,Núcleo Bandeirante,320,4,3,4,2781
520000.0,Samambaia Sul,110,3,2,3,4727
230000.0,Santa Maria,150,4,1,3,1533
219000.0,Samambaia Norte,200,2,2,2,1095
750000.0,Riacho Fundo I,200,3,2,3,3750
180000.0,Setor Habitacional Vicente Pires,55,2,1,2,3273
240000.0,Taguatinga Norte,70,2,1,2,3429
230000.0,Ceilandia Norte,135,2,2,2,1704
360000.0,Setor Sudoeste,41,1,1,1,8780
285000.0,Ceilandia Sul,200,4,3,3,1425
269999.0,Recanto das Emas,125,3,2,2,2160
620000.0,Norte,87,2,1,2,7126
120000.0,Parque da Barragem Setor 12,40,2,1,1,3000
130000.0,Chacaras do Abreu,40,2,1,1,3250
1850000.0,Setor Habitacional Vicente Pires,320,4,2,5,5781
320000.0,Aguas Claras,33,1,1,1,9697
240000.0,Setor Habitacional Vicente Pires,50,2,1,2,4800
265000.0,Ceilandia Norte,120,3,2,1,2208
155000.0,Setor Habitacional Vicente Pires,50,2,1,1,3100
235000.0,Taguatinga Norte,64,2,1,2,3672
210000.0,Ceilandia Centro,500,3,3,3,420
182000.0,Samambaia Norte,140,2,2,1,1300
600000.0,Guara II,130,4,3,4,4615
149000.0,Recanto das Emas,68,2,3,1,2191
360000.0,Setor Habitacional Arniqueira,130,2,2,2,2769
201500.0,Samambaia Sul,61,2,1,2,3303
890000.0,Setor Habitacional Arniqueira,230,3,2,4,3870
550000.0,Sul,62,2,2,2,8871
880000.0,Setor Habitacional Samambaia,260,4,5,7,3385
340000.0,Samambaia Sul,67,3,1,2,5075
255000.0,Ceilandia Sul,58,2,1,2,4397
700000.0,Setor Habitacional Vicente Pires Trecho 3,180,3,2,4,3889
420000.0,Guara I,70,2,1,2,6000
356000.0,Setor Sul,78,3,1,2,4564
122000.0,Setor Nordeste,40,2,1,1,3050
280000.0,Asa Norte,35,1,1,1,8000
1650000.0,Setor Habitacional Vicente Pires,800,9,4,8,2062
400000.0,Riacho Fundo I,69,2,1,2,5797
265000.0,Centro,159,2,2,3,1667
450000.0,Taguatinga Norte,120,3,4,4,3750
1100000.0,Granja do Torto,327,3,1,6,3364
330000.0,Taguatinga Norte,100,2,1,2,3300
290000.0,Aguas Claras,60,2,1,1,4833
490000.0,Ceilandia Norte,113,3,2,2,4336
240000.0,Samambaia Sul,59,2,1,2,4068
690000.0,Taguatinga Sul,220,3,3,3,3136
215000.0,Samambaia Norte,50,2,1,1,4300
249994.0,Ceilandia Sul,58,2,1,2,4310
330000.0,Santa Maria,120,3,2,1,2750
239994.0,Samambaia Sul,55,2,1,2,4364
520000.0,Norte,92,3,2,2,5652
234900.0,Ceilandia Sul,44,2,1,1,5339
5500000.0,Setor de Habitacoes Individuais Sul,974,7,14,8,5647
1199000.0,Setor Habitacional Vicente Pires,250,3,2,5,4796
3083000.0,Setor Noroeste,219,4,4,6,14078
850000.0,Taguatinga Norte,250,3,2,3,3400
790000.0,Setor Habitacional Arniqueira,230,3,2,3,3435
580000.0,Grande Colorado,220,3,2,4,2636
420000.0,Riacho Fundo I,80,2,1,2,5250
590000.0,Aguas Claras,90,3,1,3,6556
380000.0,Riacho Fundo II,200,3,3,1,1900
380000.0,Ceilandia Norte,194,3,3,2,1959
150000.0,Del Lago II,210,2,1,2,714
549000.0,Guara II,62,2,1,2,8855
415000.0,Ceilandia Norte,80,3,2,2,5188
740000.0,Setor Habitacional Vicente Pires,260,3,6,3,2846
250000.0,Recanto das Emas,200,5,10,4,1250
450000.0,Setor Norte,180,4,2,2,2500
300000.0,Samambaia Norte,160,3,2,2,1875
230000.0,Samambaia Sul,59,2,1,2,3898
730000.0,Jundiai,138,3,3,3,5290
615000.0,Jundiai,158,3,2,4,3892
1640000.0,Jundiai,235,4,4,5,6979
1350000.0,Vicente Pires,296,3,4,4,4561
1050000.0,Setor Habitacional Vicente Pires,333,4,5,4,3153
1150000.0,Setor Habitacional Jardim Botânico,300,4,2,4,3833
600000.0,Vicente Pires,180,3,4,3,3333
470000.0,Setor Habitacional Vicente Pires,90,2,1,2,5222
680000.0,Setor Habitacional Vicente Pires Trecho 3,220,3,2,3,3091
750000.0,Setor Habitacional Vicente Pires Trecho 3,900,4,5,5,833
389000.0,Sul,52,2,1,2,7481
490000.0,Setor Habitacional Arniqueira,300,3,6,3,1633
220000.0,Samambaia Norte,110,2,2,1,2000
850000.0,Setor Habitacional Vicente Pires Trecho 3,269,4,6,5,3160
270000.0,Setor Industrial,53,2,1,2,5094
310000.0,Setor Industrial,60,2,1,2,5167
850000.0,Setor Habitacional Vicente Pires,250,3,4,5,3400
290000.0,Samambaia Norte,59,2,1,2,4915
330000.0,Recanto das Emas,197,3,4,2,1675
1800000.0,Grande Colorado,800,5,4,7,2250
309999.0,Taguatinga Norte,69,3,1,2,4493
168900.0,Vila Jayara,40,2,1,1,4222
266500.0,Setor Negrão de Lima,64,2,1,2,4164
980000.0,Vicente Pires,280,3,3,2,3500
1199994.0,Taguatinga Sul,360,4,8,6,3333
243000.0,Taguatinga Norte,58,3,2,1,4190
145000.0,Samambaia Norte,80,2,4,2,1812
1300000.0,Setor Habitacional Vicente Pires,800,4,5,5,1625
320000.0,Ceilandia Sul,144,4,3,3,2222
380000.0,Samambaia Norte,176,4,3,3,2159
350000.0,Ceilandia Sul,100,3,4,2,3500
850000.0,Vila Sao Jose,320,3,3,4,2656
50000.0,Setor Habitacional Sol Nascente,100,2,2,1,500
310000.0,Aguas Claras,50,1,1,1,6200
270000.0,Ceilandia Norte,140,5,2,3,1929
270000.0,Samambaia Sul,120,4,2,2,2250
370000.0,Ceilandia Norte,140,4,2,3,2643
350000.0,Samambaia Norte,110,3,2,1,3182
650000.0,Setor de Habitações Individuais Norte,69,2,1,2,9420
260000.0,Setor Habitacional Vicente Pires,95,3,4,2,2737
4000000.0,Lago Sul,312,5,3,1,12821
552000.0,Sul,69,3,1,2,8000
330000.0,Riacho Fundo I,120,3,2,2,2750
474707.0,Aguas Claras,68,2,2,2,6981
230000.0,Ceilandia Norte,58,2,1,2,3966
275000.0,Samambaia Sul,57,2,1,2,4825
390000.0,Taguatinga Norte,200,3,4,2,1950
230000.0,Ceilandia Norte,102,3,2,1,2255
535000.0,Taguatinga Norte,192,4,2,4,2786
349994.0,Ceilandia Norte,56,2,1,2,6250
790000.0,Setor Habitacional Arniqueira,223,2,2,3,3543
250000.0,Samambaia Sul,160,5,2,3,1562
250000.0,Samambaia Sul,67,3,1,2,3731
420000.0,Setor de Habitacoes Individuais Sul,56,2,1,1,7500
250000.0,Setor Industrial,52,2,1,2,4808
180000.0,Ceilandia Norte,90,2,2,1,2000
1160000.0,Setor Oeste,185,3,1,1,6270
1350000.0,Park Way ,400,5,6,4,3375
330000.0,Recanto das Emas,197,3,4,2,1675
1199000.0,Setor Habitacional Vicente Pires,250,3,2,5,4796
270000.0,Samambaia Sul,390,4,2,4,692
240000.0,Samambaia Sul,50,2,1,2,4800
280000.0,Taguatinga Norte,58,2,1,2,4828
230000.0,Santa Maria,150,3,2,2,1533
320000.0,Ceilandia Norte,160,2,1,3,2000
320000.0,Ceilandia Sul,220,4,2,2,1455
850000.0,Setor Habitacional Vicente Pires,260,4,5,3,3269
180000.0,Centro,70,3,1,3,2571
550000.0,Taguatinga Norte,200,3,2,3,2750
220000.0,Taguatinga Norte,76,2,1,2,2895
310000.0,Setor Habitacional Por do Sol,330,3,3,2,939
1095000.0,Setor Habitacional Vicente Pires,380,3,2,4,2882
588000.0,Norte,85,2,2,3,6918
199900.0,Taguatinga,55,2,1,1,3635
260000.0,Setor Habitacional Por do Sol,300,3,5,3,867
280000.0,Setor Habitacional Vicente Pires,64,2,1,2,4375
550000.0,Taguatinga Norte,150,3,4,3,3667
285500.0,Setor Aeroporto,58,2,1,2,4922
377345.0,Setor Aeroporto,64,2,1,1,5896
307500.0,Setor Aeroporto,60,2,1,1,5125
2900000.0,Park Way ,2500,5,4,5,1160
1350000.0,Park Way ,400,5,6,4,3375
285000.0,Setor Habitacional Vicente Pires,52,2,1,1,5481
280000.0,Norte,41,1,1,1,6829
199900.0,Samambaia Sul,50,2,1,2,3998
400000.0,Taguatinga Norte,214,3,3,3,1869
235000.0,Ceilandia Norte,144,2,3,2,1632
245000.0,Zona Industrial,145,3,4,2,1690
327994.0,Recanto das Emas,87,3,5,3,3770
499000.0,Samambaia Norte,300,3,5,3,1663
700000.0,Aguas Claras,83,3,1,3,8434
180000.0,Samambaia Sul,70,3,5,1,2571
650000.0,Regiao dos Lagos,270,3,4,4,2407
360000.0,Residencial Itaipu,200,3,3,3,1800
130000.0,Recanto das Emas,90,3,5,2,1444
485000.0,Norte,64,2,1,2,7578
170000.0,Samambaia Norte,126,3,2,2,1349
1100000.0,Setor Habitacional Arniqueira,300,4,4,6,3667
300000.0,Samambaia Sul,90,3,2,2,3333
750000.0,Setor Habitacional Vicente Pires,280,3,2,4,2679
380000.0,Guara II,120,3,2,2,3167
368000.0,Alto da Glória,58,2,1,1,6345
1028256.0,Setor Marista,170,3,1,1,6049
3375000.0,Setor Oeste,445,4,4,4,7584
1350000.0,Setor Habitacional Vicente Pires,230,3,2,5,5870
899999.0,Guara II,246,4,4,3,3659
575000.0,Norte,79,3,1,3,7278
258000.0,Setor Industrial,68,3,1,2,3794
1050000.0,Setor Habitacional Vicente Pires,280,4,2,4,3750
1380000.0,Setor Habitacional Jardim Botânico,500,5,2,4,2760
380000.0,Itapoã I,300,7,5,5,1267
440000.0,Guara II,135,3,2,2,3259
300000.0,Vila Sao Jose,300,4,2,3,1000
520000.0,Taguatinga Norte,200,3,4,3,2600
280000.0,Samambaia Sul,90,3,2,2,3111
240000.0,Ceilandia Sul,58,2,1,2,4138
965000.0,Setor Habitacional Vicente Pires,250,4,4,4,3860
195000.0,Asa Sul,45,2,1,1,4333
225000.0,Taguatinga Norte,78,3,2,2,2885
195000.0,Recanto das Emas,100,2,4,1,1950
418320.0,Sul,58,2,1,2,7212
350000.0,Samambaia Sul,150,3,3,3,2333
415000.0,Setor Oeste,66,2,2,2,6288
345000.0,Setor Oeste,34,1,1,1,10147
670000.0,Setor Marista,115,3,1,1,5826
552000.0,Sul,69,3,1,2,8000
3083000.0,Setor Noroeste,219,4,4,6,14078
499900.0,Norte,74,2,1,3,6755
440000.0,Sul,60,2,1,2,7333
1300000.0,Setor Habitacional Vicente Pires,470,3,4,5,2766
255000.0,Ceilandia Norte,100,3,3,2,2550
190000.0,Riacho Fundo II,112,3,2,1,1696
290000.0,Ceilandia Norte,90,3,2,1,3222
350000.0,Vila Estrutural,192,4,6,2,1823
295000.0,Setor Habitacional Vicente Pires,73,2,1,2,4041
300000.0,Ceilandia Norte,250,3,2,3,1200
295000.0,Setor Industrial,53,2,2,2,5566
1050000.0,Setor Habitacional Jardim Botânico,450,6,5,7,2333
740000.0,Ponte Alta Norte,850,4,3,7,871
1310000.0,Sobradinho,350,4,3,6,3743
289990.0,Samambaia,59,2,1,2,4915
318000.0,Taguatinga Norte,90,3,2,2,3533
315000.0,Ceilandia Norte,250,3,2,2,1260
1500000.0,Setor Marista,265,4,4,4,5660
777246.0,Setor Marista,116,2,1,1,6700
1048000.0,Setor Marista,160,3,2,6,6550
5500000.0,Setor de Habitacoes Individuais Sul,974,7,14,8,5647
1650000.0,Setor Habitacional Vicente Pires,800,9,4,8,2062
405000.0,Guara I,70,2,2,2,5786
245000.0,Recanto das Emas,95,2,2,1,2579
520000.0,Sobradinho,234,3,3,3,2222
250000.0,Samambaia Norte,50,2,1,2,5000
550000.0,Aguas Claras,350,3,4,3,1571
212994.0,Ceilandia Norte,58,2,1,2,3672
360000.0,Ceilandia Sul,250,4,2,2,1440
315000.0,Samambaia Sul,116,3,3,3,2716
380000.0,Riacho Fundo I,140,3,2,2,2714
599000.0,Setor Habitacional Jardim Botânico,400,3,4,4,1498
698000.0,Norte,109,3,2,3,6404
210000.0,Recanto das Emas,53,2,1,2,3962
740000.0,Vicente Pires,230,3,5,4,3217
150000.0,Riacho Fundo II,90,2,2,1,1667
160000.0,Ceilandia Sul,90,3,2,2,1778
228994.0,Samambaia Sul,59,2,1,2,3881
580000.0,Setor Marista,95,3,2,4,6105
2000000.0,Setor Marista,267,4,1,1,7491
230000.0,Setor Habitacional Vicente Pires,67,2,1,2,3433
552000.0,Sul,69,3,1,2,8000
820000.0,Sul,123,4,2,4,6667
478382.0,Norte,68,2,2,2,7035
478357.0,Norte,68,2,2,2,7035
285000.0,Ceilandia Norte,110,3,3,2,2591
400000.0,Norte,60,2,1,2,6667
870000.0,Setor Habitacional Vicente Pires,200,4,2,4,4350
550000.0,nan,343,3,12,3,1603
550000.0,Guara II,260,3,2,3,2115
1050000.0,Setor Habitacional Vicente Pires,360,4,2,4,2917
360000.0,Ceilandia Norte,160,2,4,2,2250
510000.0,Taguatinga Norte,200,4,3,3,2550
400000.0,Setores Complementares,44,1,1,1,9091
230000.0,Taguatinga Norte,48,2,1,1,4792
350000.0,Recanto das Emas,150,3,3,2,2333
780000.0,Setor Habitacional Arniqueira,203,4,2,6,3842
552000.0,Sul,69,3,1,2,8000
820000.0,Sul,123,4,2,4,6667
560000.0,Norte,74,1,2,1,7568
580000.0,Setor Habitacional Vicente Pires,210,3,4,3,2762
460000.0,Taguatinga Sul,68,3,1,2,6765
480000.0,Riacho Fundo I,160,3,4,3,3000
280000.0,Taguatinga Norte,85,2,2,1,3294
350000.0,Samambaia Sul,289,4,4,4,1211
290000.0,Aguas Claras,60,2,1,1,4833
235000.0,Samambaia Norte,51,2,1,2,4608
240000.0,nan,56,2,2,2,4286
290000.0,Riacho Fundo I,130,2,2,1,2231
1295000.0,Setor Habitacional Jardim Botânico,456,4,4,8,2840
245000.0,Samambaia Sul,58,2,1,2,4224
480000.0,Setor Habitacional Contagem,180,4,4,3,2667
260000.0,Ceilandia Sul,250,2,2,3,1040
230000.0,Gama,144,3,1,2,1597
1200000.0,Setor Marista,162,3,1,2,7407
259000.0,Vicente Pires,56,2,1,1,4625
320000.0,Sul,63,1,1,1,5079
750000.0,Setor Habitacional Jardim Botânico,240,4,4,4,3125
1400000.0,Setor Noroeste,128,3,2,3,10938
1750000.0,Setor Habitacional Jardim Botânico,350,4,5,5,5000
269000.0,Setor Habitacional Vicente Pires Trecho 3,60,3,1,2,4483
319999.0,Ceilandia Norte,250,3,3,2,1280
350000.0,Ceilandia Norte,69,3,2,1,5072
330000.0,Ceilandia Sul,100,2,2,2,3300
750000.0,Setor Habitacional Vicente Pires Trecho 3,300,3,2,3,2500
1050000.0,Setor Habitacional Vicente Pires,280,3,2,5,3750
400000.0,Setor Sul,312,4,5,3,1282
280000.0,Setor Habitacional Vicente Pires,450,3,4,2,622
370000.0,Samambaia Norte,120,4,3,3,3083
250000.0,Setor Industrial,52,2,1,1,4808
2470259.0,Setor Marista,326,3,4,3,7577
5500000.0,Park Way ,1200,5,4,7,4583
245000.0,Samambaia Norte,43,2,1,1,5698
910000.0,Setor Habitacional Arniqueira,250,3,2,4,3640
485000.0,Taguatinga Norte,160,3,3,2,3031
750000.0,Aguas Claras,92,3,2,3,8152
395000.0,Recanto das Emas,160,2,2,2,2469
245000.0,Samambaia Sul,53,2,1,1,4623
430000.0,Aguas Claras,53,2,2,2,8113
489900.0,Guara II,59,2,1,2,8303
220000.0,Ceilandia Sul,130,2,2,1,1692
620000.0,Guara I,199,3,2,2,3116
620000.0,Aguas Claras,74,2,1,2,8378
369900.0,Ceilandia Sul,142,3,2,1,2605
890000.0,Norte,132,3,1,4,6742
1350000.0,Asa Sul,280,4,4,5,4821
430000.0,Setor Habitacional Vicente Pires,100,3,2,1,4300
429000.0,Norte,67,2,2,1,6403
871475.0,Setor Marista,129,3,2,3,6756
605000.0,Setor Marista,100,3,2,4,6050
1746997.0,Setor Marista,245,4,3,4,7131
1200000.0,Setor Habitacional Vicente Pires,306,3,4,6,3922
1350000.0,Setor Habitacional Vicente Pires,150,3,4,2,9000
195000.0,Paranoá,80,3,5,2,2438
950000.0,Nucleo Rural Santa Maria,300,4,4,5,3167
175000.0,Samambaia,34,1,1,1,5147
280000.0,Setor Industrial,62,2,1,1,4516
790000.0,Ponte Alta Norte,365,4,4,4,2164
305000.0,Ceilandia Norte,61,2,1,2,5000
320000.0,Vale das Acacias,270,5,3,4,1185
780000.0,Taguatinga Norte,270,4,4,1,2889
790000.0,Setor Habitacional Jardim Botânico,200,4,4,5,3950
790000.0,Setor Habitacional Jardim Botânico,350,4,4,4,2257
210000.0,Taguatinga Sul,37,1,1,1,5676
459000.0,Riacho Fundo I,230,4,2,4,1996
249994.0,Recanto das Emas,150,3,3,2,1667
1050000.0,Regiao dos Lagos,493,4,4,6,2130
1419900.0,Setor Bueno,204,3,3,5,6960
666062.0,Setor Pedro Ludovico,111,2,1,1,6001
693221.0,Setor Marista,116,3,1,1,5976
2600000.0,Setor de Habitacoes Individuais Sul,550,4,5,8,4727
960000.0,Sul,112,3,2,3,8571
240000.0,Taguatinga Norte,50,2,1,1,4800
420000.0,Taguatinga Norte,220,5,4,3,1909
389994.0,Ceilandia Norte,144,3,4,3,2708
430000.0,Taguatinga Norte,200,4,3,3,2150
800000.0,Setor Habitacional Arniqueira,200,3,2,2,4000
997000.0,Setor Habitacional Vicente Pires,312,4,4,5,3196
475000.0,Taguatinga Norte,170,3,3,1,2794
249000.0,Taguatinga Norte,70,3,1,1,3557
890000.0,Setor Habitacional Arniqueira,201,3,2,4,4428
230000.0,Ceilandia Sul,135,3,2,2,1704
1100000.0,Setor Habitacional Arniqueira,290,3,4,4,3793
168000.0,Samambaia Norte,112,2,3,1,1500
210000.0,Sul,30,1,1,1,7000
270000.0,Taguatinga Norte,63,3,1,2,4286
690000.0,Setor Habitacional Tororo,230,3,4,2,3000
900000.0,Setor Habitacional Vicente Pires Trecho 3,290,4,2,4,3103
480000.0,Norte,60,2,1,2,8000
750000.0,Ceilandia Sul,600,5,4,5,1250
1811914.0,Setor Marista,243,3,3,5,7456
1189582.0,Setor Marista,164,3,3,5,7254
1098900.0,Setor Marista,162,3,3,5,6783
552000.0,Sul,69,3,1,2,8000
280000.0,Taguatinga Centro,43,1,1,1,6512
360000.0,Jardins Mangueiral,75,2,2,2,4800
450000.0,Asa Sul,150,3,4,3,3000
295000.0,Riacho Fundo I,160,2,3,2,1844
430000.0,Samambaia Sul,131,3,1,2,3282
390000.0,Recanto das Emas,280,3,2,2,1393
550000.0,Ceilandia Sul,260,4,5,4,2115
335000.0,Ceilandia Norte,65,2,1,2,5154
500000.0,Taguatinga Norte,180,3,4,2,2778
580000.0,Setor Habitacional Jardim Botânico,152,3,2,3,3816
450000.0,Aguas Claras,92,3,1,2,4891
750000.0,Norte,92,3,2,3,8152
770000.0,Setor Habitacional Vicente Pires,480,3,5,3,1604
140000.0,Paranoá,80,3,2,2,1750
290000.0,Taguatinga Norte,62,2,1,1,4677
375000.0,Samambaia Sul,68,3,1,2,5515
3343100.0,Setor Marista,404,4,4,4,8275
1690000.0,Setor Marista,244,4,1,5,6926
1100000.0,Nova Colina,600,4,3,3,1833
3349994.0,Park Way ,800,4,4,6,4187
280000.0,Ceilândia,64,3,1,2,4375
260000.0,Setor Industrial,49,2,1,1,5306
900000.0,Setor Habitacional Vicente Pires,200,3,2,5,4500
100000.0,Setor Habitacional Jardim Botânico,32,1,1,1,3125
368000.0,Taguatinga Centro,74,2,1,2,4973
550000.0,Lago Norte,2000,6,4,4,275
690000.0,Norte,129,3,1,3,5349
360000.0,Taguatinga Centro,74,2,1,1,4865
385000.0,Guara II,140,3,2,2,2750
449000.0,Taguatinga Norte,150,5,4,3,2993
429900.0,Sul,52,2,1,2,8267
1000000.0,Setor Habitacional Arniqueira,400,3,2,3,2500
650000.0,Taguatinga Norte,260,4,4,4,2500
150000.0,Condominio Prive Lucena Roriz,195,2,2,2,769
1100000.0,Setor Habitacional Vicente Pires,449,3,2,3,2450
371640.0,Setor Pedro Ludovico,65,2,1,2,5718
670000.0,Guara II,79,2,2,2,8481
1200000.0,Setor Habitacional Vicente Pires,306,3,4,6,3922
450000.0,Recanto das Emas,750,3,5,3,600
1270000.0,Gama,200,3,4,5,6350
950000.0,Setor Habitacional Vicente Pires Trecho 3,250,3,1,3,3800
360000.0,Taguatinga Norte,77,3,2,2,4675
890000.0,Setor Habitacional Jardim Botânico,300,3,2,4,2967
810000.0,Setor Habitacional Arniqueira,171,3,4,4,4737
470000.0,Aguas Claras,64,2,1,2,7344
520000.0,Samambaia Sul,110,3,2,2,4727
320000.0,Vila Sao Jose,220,5,2,2,1455
300000.0,Taguatinga Norte,250,3,3,2,1200
398000.0,Riacho Fundo I,80,2,1,2,4975
360000.0,Recanto das Emas,260,4,3,2,1385
145000.0,Setor Industrial,51,2,1,2,2843
935000.0,Setor Marista,150,3,1,2,6233
155900.0,Cardoso Continuação,41,2,1,1,3802
407300.0,Setor Coimbra,59,2,1,2,6903
1100000.0,Taguatinga Norte,300,5,4,4,3667
178328.0,Samambaia Norte,41,2,1,1,4349
1100000.0,Asa Norte,144,3,1,2,7639
270000.0,Samambaia Sul,67,3,1,2,4030
550000.0,Taguatinga Norte,200,3,3,4,2750
305500.0,Ceilandia Norte,55,2,1,2,5555
950000.0,Setor Habitacional Vicente Pires,180,3,2,4,5278
780000.0,Setor Habitacional Arniqueira,260,4,2,5,3000
950000.0,Setor Habitacional Vicente Pires,280,3,2,4,3393
260000.0,Setor Habitacional Arniqueira,65,2,2,1,4000
445000.0,Taguatinga Norte,120,3,2,3,3708
197000.0,Taguatinga Norte,55,2,2,1,3582
120000.0,Samambaia Norte,60,2,4,1,2000
950000.0,Setor Habitacional Vicente Pires,260,4,2,4,3654
350000.0,Ceilandia Sul,120,2,2,2,2917
255000.0,Ceilandia Norte,60,2,1,1,4250
490000.0,Taguatinga Norte,79,3,1,2,6203
980000.0,Setor Habitacional Jardim Botânico,450,4,6,6,2178
700180.0,Setor Marista,119,2,1,2,5884
497303.0,Setor Marista,69,2,1,3,7207
295000.0,Taguatinga Norte,62,3,1,2,4758
745000.0,Taguatinga Norte,350,3,3,3,2129
599900.0,Riacho Fundo I,240,3,4,5,2500
270000.0,Setor Oeste,233,7,4,4,1159
875000.0,Setor Habitacional Jardim Botânico,440,4,4,5,1989
185000.0,Ceilandia Centro,49,2,1,1,3776
317000.0,Setor Industrial,70,2,1,2,4529
410000.0,Taguatinga Sul,230,3,2,2,1783
697600.0,Taguatinga,350,3,6,5,1993
480000.0,Setor Habitacional Arniqueira,130,2,4,2,3692
410000.0,Lago Norte,180,3,4,2,2278
180000.0,Samambaia Sul,193,4,3,4,933
360000.0,Setor Industrial,69,3,1,2,5217
1090000.0,Setor Habitacional Contagem,465,4,4,7,2344
460000.0,Aguas Claras,74,2,2,2,6216
680000.0,Setor Habitacional Vicente Pires,180,3,3,3,3778
780000.0,Setor Habitacional Arniqueira,203,4,2,6,3842
420000.0,Paranoá,85,3,5,3,4941
480000.0,Setor Habitacional Arniqueira,160,3,2,4,3000
820283.0,Setor Marista,120,3,2,4,6836
370000.0,Setor Bueno,71,2,1,1,5211
300000.0,Setor Habitacional Arniqueira,180,3,2,1,1667
310000.0,Samambaia Sul,59,2,1,2,5254
780000.0,Taguatinga Norte,300,3,6,3,2600
790000.0,Ponte Alta Norte,365,4,5,1,2164
370000.0,Samambaia Norte,71,2,1,2,5211
185000.0,Samambaia Norte,126,3,2,1,1468
408500.0,Ceilandia Sul,150,4,4,3,2723
680000.0,Aguas Claras,107,3,1,3,6355
230000.0,Samambaia Sul,57,2,1,1,4035
580000.0,Quadras Economicas Lucio Costa,250,4,3,4,2320
1070000.0,Setor Habitacional Vicente Pires,300,4,4,3,3567
505000.0,Aguas Claras,66,2,1,2,7652
650000.0,Setor Habitacional Arniqueira,400,3,4,3,1625
190000.0,Taguatinga Norte,70,2,1,2,2714
389000.0,Aguas Claras,44,1,1,1,8841
260000.0,Ceilandia Norte,47,2,1,2,5532
1350000.0,Setor Sudoeste,105,3,1,3,12857
760000.0,Setor Habitacional Vicente Pires,200,3,4,3,3800
112000.0,Samambaia Norte,112,2,2,1,1000
257460.0,Setor Bueno,39,1,0,1,6602
947500.0,Setor Bueno,160,3,3,5,5922
790000.0,Setor Habitacional Arniqueira,316,4,6,4,2500
390000.0,Sobradinho II,150,4,3,3,2600
750000.0,Riacho Fundo I,200,4,2,3,3750
345000.0,Setor Industrial,58,2,1,2,5948
470000.0,Norte,59,1,1,2,7966
1200000.0,Setor Habitacional Vicente Pires,400,3,4,4,3000
250000.0,Setor de Mansões de Sobradinho,250,3,5,2,1000
595000.0,Setor Central,200,3,4,3,2975
320000.0,Taguatinga Centro,63,3,1,2,5079
305500.0,Ceilandia Norte,55,2,1,2,5555
850000.0,Setor Habitacional Vicente Pires Trecho 3,220,3,2,4,3864
175000.0,Setor Central,50,2,1,1,3500
421000.0,Taguatinga,220,4,2,3,1914
260000.0,Recanto das Emas,63,3,1,2,4127
970000.0,Setor Habitacional Contagem,250,4,2,5,3880
1100000.0,Setor Habitacional Vicente Pires,290,3,4,5,3793
372000.0,Setor Bueno,63,2,1,2,5905
408570.0,Setor Bueno,69,2,1,1,5921
980000.0,Setor Habitacional Vicente Pires,280,4,2,4,3500
189000.0,Ceilandia Norte,80,2,2,1,2362
320000.0,Paranoá,300,4,3,3,1067
150000.0,Samambaia Norte,150,3,2,1,1000
699000.0,Vicente Pires,230,3,5,4,3039
550000.0,Setor Habitacional Jardim Botânico,250,3,5,4,2200
200000.0,Taguatinga Norte,62,2,2,1,3226
225000.0,Setor Sudoeste,26,1,2,1,8654
450000.0,Setor Habitacional Jardim Botânico,130,2,3,2,3462
250000.0,Areal,150,2,3,2,1667
650000.0,Setor Habitacional Vicente Pires Trecho 3,200,3,2,4,3250
205000.0,Setor Habitacional Vicente Pires,64,2,1,1,3203
795000.0,Park Way,800,3,4,4,994
255000.0,Samambaia Norte,50,2,1,2,5100
246500.0,Taguatinga Norte,50,2,1,1,4930
290000.0,Riacho Fundo II,220,4,2,4,1318
670000.0,Riacho Fundo I,300,4,4,4,2233
345439.0,Setor Bueno,65,2,1,2,5314
567810.0,Vila Americano do Brasil,103,3,2,3,5513
910000.0,Setor Bueno,141,3,2,2,6454
860000.0,Setor Habitacional Vicente Pires,245,3,2,4,3510
530000.0,Norte,84,3,2,2,6310
178000.0,Samambaia Norte,45,2,1,1,3956
655000.0,Aguas Claras,89,2,2,3,7360
480000.0,Ceilandia Norte,200,4,2,3,2400
890000.0,Taguatinga Norte,250,5,6,3,3560
315000.0,Jardins Mangueiral,48,2,1,1,6562
1300000.0,Setor Habitacional Arniqueira,280,4,2,5,4643
450000.0,Ponte Alta Norte,250,3,4,2,1800
350000.0,Ceilandia Norte,120,4,2,2,2917
550000.0,Residencial Santos Dumont,250,3,4,2,2200
1100000.0,Setor Habitacional Vicente Pires Trecho 3,289,3,2,3,3806
880000.0,Setor Habitacional Vicente Pires,210,3,2,4,4190
1300000.0,Setor Habitacional Vicente Pires,350,4,2,5,3714
315000.0,Recanto das Emas,100,4,3,3,3150
649900.0,Aguas Claras,110,3,2,3,5908
1190000.0,Setor Habitacional Vicente Pires,390,3,4,5,3051
420000.0,Gama,231,3,3,3,1818
1263885.0,Setor Bueno,207,3,4,4,6106
370000.0,Ceilandia Norte,93,4,3,3,3978
750000.0,Setor Habitacional Vicente Pires,200,3,5,2,3750
379994.0,Setor Oeste,206,3,2,2,1845
510000.0,Taguatinga Norte,250,4,3,3,2040
1100000.0,Setor Habitacional Vicente Pires,250,3,2,4,4400
780000.0,Regiao dos Lagos,235,5,4,4,3319
170000.0,Recanto das Emas,130,3,2,2,1308
370000.0,Samambaia Norte,150,2,5,2,2467
265000.0,Ceilandia Sul,68,3,1,2,3897
250000.0,Sobradinho II,200,3,2,2,1250
1000000.0,Setor Habitacional Vicente Pires,280,3,2,4,3571
549994.0,Samambaia Sul,110,2,2,2,5000
210000.0,nan,1100,2,10,2,191
260000.0,Ceilandia Norte,160,2,2,1,1625
549999.0,Ceilandia Norte,145,4,3,3,3793
985000.0,Setor Habitacional Jardim Botânico,190,3,2,3,5184
330000.0,Samambaia Norte,150,2,2,1,2200
750000.0,Setor Habitacional Vicente Pires Trecho 3,380,3,2,4,1974
820000.0,Setor Habitacional Vicente Pires Trecho 3,750,3,3,4,1093
680000.0,Jardim América,121,3,2,5,5620
395200.0,Serrinha,75,2,1,2,5269
700000.0,Setor Habitacional Tororo,287,4,5,5,2439
300000.0,Setor Habitacional Jardim Botânico,150,4,3,3,2000
114900.0,Vila Sao Jose,60,2,1,2,1915
215000.0,Vicente Pires,53,2,1,1,4057
590000.0,Setor Habitacional Vicente Pires Trecho 3,200,3,4,3,2950
890000.0,Setor Habitacional Vicente Pires Trecho 3,400,3,4,3,2225
310000.0,Samambaia Norte,54,2,1,2,5741
790000.0,Setor Habitacional Vicente Pires,249,4,6,5,3173
580000.0,Setor Sul,312,3,3,3,1859
160000.0,Samambaia Norte,125,4,2,2,1280
460000.0,Norte,81,3,1,2,5679
360000.0,Setor Habitacional Jardim Botânico,90,2,2,1,4000
320000.0,Ceilandia Sul,200,2,3,1,1600
520000.0,Samambaia Sul,110,2,1,3,4727
530000.0,Setor Industrial,95,2,2,2,5579
250000.0,Setor Habitacional Vicente Pires,260,3,4,1,962
197000.0,Ceilandia Norte,42,2,1,1,4690
320000.0,Setor Oeste,137,3,1,2,2336
420000.0,Setor Habitacional Jardim Botânico,190,2,4,2,2211
216000.0,Samambaia Sul,49,2,1,2,4408
359000.0,Taguatinga Norte,65,3,1,2,5523
220000.0,Ceilandia Sul,130,3,2,1,1692
610000.0,Setor Habitacional Jardim Botânico,300,3,4,3,2033
535000.0,Jardins Mangueiral,115,3,2,3,4652
350000.0,Ceilandia Norte,150,3,4,2,2333
205000.0,Taguatinga Norte,63,2,1,2,3254
585000.0,Setor Habitacional Vicente Pires Trecho 3,200,3,3,2,2925
390000.0,Setor Habitacional Arniqueira,200,3,3,2,1950
370000.0,Setor Habitacional Vicente Pires,250,4,3,2,1480
300000.0,Setor Habitacional Vicente Pires,230,4,2,2,1304
260000.0,Taguatinga Norte,145,3,2,1,1793
427000.0,Setor Industrial,95,2,2,2,4495
600000.0,Setor Habitacional Vicente Pires,180,2,5,3,3333
238000.0,Samambaia Norte,90,2,2,1,2644
460000.0,Guara II,57,2,1,2,8070
600000.0,Ponte Alta Norte,400,3,4,3,1500
262994.0,Samambaia Sul,56,2,1,2,4696
156900.0,Papillon Park Complemento,41,2,1,1,3827
185000.0,Vila Luciana,50,2,1,2,3700
240000.0,Ceilandia Norte,200,2,3,1,1200
1250000.0,Setor Habitacional Vicente Pires,280,4,4,5,4464
850000.0,Setor de Mansoes do Lago Norte,650,5,4,4,1308
350000.0,Setor Tradicional,210,5,3,3,1667
400000.0,Recanto das Emas,120,4,6,3,3333
515000.0,Taguatinga Norte,200,4,4,3,2575
460000.0,Norte,60,2,1,2,7667
850000.0,Taguatinga Sul,310,7,4,5,2742
880000.0,Setor Habitacional Vicente Pires,260,3,2,3,3385
220000.0,Ceilandia Norte,120,3,2,1,1833
200000.0,Riacho Fundo I,69,3,1,2,2899
350000.0,Taguatinga Centro,50,2,2,2,7000
620000.0,Setor Habitacional Vicente Pires,130,2,2,3,4769
520000.0,Aguas Claras,74,3,1,2,7027
250000.0,Samambaia Sul,60,2,2,1,4167
800000.0,Setor Habitacional Vicente Pires,250,3,6,5,3200
315000.0,Guará,64,2,2,1,4922
680000.0,Regiao dos Lagos,130,4,5,3,5231
400000.0,Riacho Fundo I,69,2,1,2,5797
230000.0,Ceilandia Norte,55,2,1,1,4182
295000.0,Samambaia,69,3,1,2,4275
185000.0,Setor Faiçalville,50,2,1,2,3700
174300.0,Setor Faiçalville,35,1,1,1,4980
118000.0,Santa Maria,150,3,1,2,787
650000.0,Setor Habitacional Vicente Pires,250,3,4,2,2600
500000.0,Samambaia Sul,110,3,2,3,4545
950000.0,Taguatinga Sul,221,4,3,3,4299
495000.0,Norte,63,2,2,2,7857
148000.0,Aguas Claras,34,1,1,1,4353
460000.0,Aguas Claras,370,4,5,1,1243
275000.0,Ceilandia Sul,67,3,1,2,4104
900000.0,Setor Habitacional Vicente Pires,200,3,2,4,4500
625000.0,Norte,87,3,2,3,7184
750000.0,Ponte Alta Norte,190,4,4,5,3947
420000.0,Norte,55,1,1,2,7636
500834.0,Guara II,56,2,2,2,8943
390000.0,Setor Habitacional Arniqueira,120,4,2,2,3250
265000.0,Setor Industrial,51,2,1,2,5196
299000.0,Setor Faiçalville,79,3,1,2,3785
152900.0,Lorena Park,39,2,1,1,3921
149900.0,Parque das Nações,52,2,1,1,2883
1350000.0,Taguatinga,300,4,2,5,4500
385000.0,Riacho Fundo II,200,4,6,2,1925
950000.0,Vicente Pires,280,4,4,5,3393
220000.0,Ceilândia,126,3,3,1,1746
230000.0,Samambaia Sul,59,2,1,1,3898
285994.0,Setor Meireles,103,3,1,2,2777
1150000.0,Setor Habitacional Vicente Pires,350,3,2,4,3286
340000.0,Ceilandia Norte,250,3,2,2,1360
125000.0,Samambaia Norte,60,2,5,1,2083
279000.0,Areal,147,2,4,1,1898
190000.0,Ponte Alta Norte,120,2,6,1,1583
1930000.0,Zona Industrial,122,3,2,5,15820
230000.0,Samambaia Sul,100,3,3,2,2300
350000.0,Setor Habitacional Arniqueira,63,2,2,2,5556
1850000.0,Setor Habitacional Vicente Pires,370,4,4,5,5000
420000.0,Areal,202,3,3,2,2079
880000.0,Vicente Pires,230,3,3,4,3826
120000.0,Aragoiânia,51,2,2,1,2353
980000.0,Setor Habitacional Jardim Botânico,540,4,3,5,1815
1300000.0,Setor Habitacional Arniqueira,280,4,3,5,4643
500000.0,Park Way,200,3,8,3,2500
1267722.0,Aguas Claras,158,4,3,3,8024
950000.0,Setor Sudoeste,87,3,1,2,10920
1150000.0,Asa Norte,102,3,1,3,11275
450000.0,Setor Habitacional Arniqueira,150,3,2,1,3000
1080000.0,Guara I,310,3,3,3,3484
635000.0,Taguatinga Norte,139,4,1,3,4568
310000.0,Samambaia Norte,193,3,3,1,1606
1099000.0,Lago Sul,445,5,2,7,2470
850000.0,Setor Habitacional Vicente Pires Trecho 3,485,5,5,4,1753
850000.0,Taguatinga Sul,525,6,4,5,1619
660000.0,Setor Habitacional Vicente Pires Trecho 3,600,3,4,4,1100
205000.0,Setor de Mansões de Sobradinho,82,2,2,2,2500
335000.0,Jardins Mangueiral,54,2,2,2,6204
467356.0,Norte,68,2,1,2,6873
950000.0,Setor Habitacional Vicente Pires,140,3,2,4,6786
330000.0,Ceilandia Sul,65,2,1,2,5077
98900.0,Samambaia Norte,47,2,1,1,2104
1250000.0,Setor Noroeste,86,2,2,2,14535
800000.0,Setor Habitacional Arniqueira,200,3,2,3,4000
1200000.0,Setor Noroeste,100,3,1,3,12000
340000.0,Candangolândia,128,3,2,1,2656
210000.0,Samambaia Norte,62,2,1,2,3387
270000.0,Samambaia Sul,64,3,1,2,4219
630000.0,Guara II,270,3,3,5,2333
980000.0,Setor Habitacional Vicente Pires,300,4,4,5,3267
800000.0,Setor Habitacional Vicente Pires Trecho 3,500,3,6,3,1600
480000.0,Setor Habitacional Arniqueira,214,3,10,2,2243
380000.0,Samambaia Sul,112,2,2,1,3393
350000.0,Taguatinga Centro,75,3,2,2,4667
950000.0,Setor Habitacional Vicente Pires,210,3,2,5,4524
670000.0,Setor Habitacional Arniqueira,220,3,2,3,3045
1500000.0,Setor Habitacional Jardim Botânico,1000,4,2,7,1500
309000.0,Ceilandia Norte,185,3,4,2,1670
850000.0,Guara II,87,3,2,4,9770
359000.0,Taguatinga Norte,150,2,4,3,2393
200000.0,Ceilandia Norte,120,3,3,1,1667
1100000.0,Setor Habitacional Vicente Pires,400,4,2,6,2750
1199994.0,Guara II,530,5,6,6,2264
360000.0,Setor Habitacional Jardim Botânico,100,2,2,2,3600
1150000.0,Zona Industrial,86,2,2,2,13372
175000.0,Samambaia Sul,39,1,1,1,4487
195000.0,Taguatinga Centro,55,2,1,1,3545
330000.0,Guara I,68,2,1,2,4853
255000.0,Taguatinga Norte,90,3,2,1,2833
195000.0,Taguatinga Centro,55,2,1,1,3545
305000.0,Ceilandia Sul,150,5,2,4,2033
210000.0,Samambaia Sul,75,3,1,1,2800
450000.0,Ponte Alta Norte,140,2,4,3,3214
465000.0,Norte,60,2,1,2,7750
700000.0,Taguatinga Norte,240,3,5,3,2917
240000.0,Taguatinga,80,3,1,2,3000
250000.0,Ceilandia Sul,135,4,2,2,1852
150000.0,Paranoá,100,4,1,2,1500
195000.0,Setor Habitacional Vicente Pires,47,2,1,1,4149
750000.0,Paranoá,260,3,2,4,2885
189000.0,Vicente Pires,55,2,1,1,3436
880000.0,Vicente Pires,200,3,4,4,4400
370000.0,Ceilandia Sul,150,3,2,1,2467
315000.0,Ceilandia Sul,113,2,3,1,2788
400000.0,Samambaia Sul,240,4,2,3,1667
223500.0,Setor Sul,33,1,1,1,6773
750000.0,Setor Habitacional Vicente Pires,200,6,4,4,3750
600000.0,Setor Habitacional Vicente Pires,200,3,1,3,3000
630000.0,Norte,87,3,2,2,7241
590000.0,Taguatinga Sul,220,3,4,1,2682
285000.0,Setor Habitacional Vicente Pires,63,2,1,2,4524
290000.0,Taguatinga Norte,51,2,1,2,5686
575000.0,Taguatinga Sul,82,2,1,2,7012
450000.0,Setor Habitacional Vicente Pires,220,4,3,2,2045
875000.0,Taguatinga Norte,390,3,4,6,2244
400000.0,Taguatinga Norte,217,3,6,2,1843
1200000.0,Setor Habitacional Vicente Pires,290,4,2,5,4138
1000000.0,Setor Habitacional Arniqueira,400,3,2,3,2500
330000.0,Ceilandia Norte,70,3,1,2,4714
415000.0,Norte,68,2,1,2,6103
550000.0,Setor Habitacional Arniqueira,160,3,10,2,3438
850000.0,Regiao dos Lagos,300,5,2,6,2833
1399000.0,Lago Sul,500,4,4,6,2798
299000.0,Ceilandia Sul,60,2,1,2,4983
450000.0,Setor Habitacional Vicente Pires Trecho 3,130,3,5,2,3462
390000.0,Taguatinga Norte,180,3,4,2,2167
580000.0,Setor Habitacional Vicente Pires,185,2,4,3,3135
430000.0,Ponte Alta Norte,800,4,10,3,538
1100000.0,Setor Habitacional Arniqueira,390,4,2,4,2821
450000.0,Aguas Claras,70,3,1,2,6429
230000.0,Ceilandia Norte,80,3,3,3,2875
790000.0,Norte,113,3,1,3,6991
240000.0,Asa Norte,34,1,1,1,7059
1250000.0,Setor Habitacional Vicente Pires,450,4,4,3,2778
950000.0,Setor Habitacional Arniqueira,290,3,2,4,3276
215000.0,Taguatinga Norte,63,2,1,1,3413
350000.0,Ceilandia Norte,250,4,2,1,1400
280000.0,Ceilandia Norte,68,3,1,2,4118
650000.0,Riacho Fundo I,280,4,3,3,2321
450000.0,Sul,74,3,2,2,6081
1290000.0,Asa Norte,118,3,1,3,10932
1200000.0,Setor Habitacional Vicente Pires,270,4,2,3,4444
259000.0,Areal,53,2,1,1,4887
280000.0,Samambaia Norte,64,3,1,2,4375
560000.0,Guara II,62,2,1,2,9032
490000.0,Norte,70,2,1,2,7000
950000.0,Setor Habitacional Vicente Pires,280,3,3,4,3393
197000.0,Areal,44,1,1,1,4477
750000.0,Norte,94,3,1,4,7979
480000.0,Setor Habitacional Jardim Botânico,170,3,4,3,2824
585000.0,Setor Sudoeste,55,1,1,1,10636
550000.0,Samambaia Norte,126,5,3,4,4365
250000.0,Taguatinga Norte,56,2,1,1,4464
110000.0,Santa Maria,47,2,1,1,2340
285000.0,Taguatinga Norte,50,2,1,1,5700
850000.0,Setor Habitacional Arniqueira,300,3,2,4,2833
980000.0,Setor Habitacional Vicente Pires,250,3,4,5,3920
1000000.0,Setor Habitacional Vicente Pires,220,3,2,4,4545
1000000.0,Setor Habitacional Vicente Pires,220,3,2,4,4545
510000.0,Sul,60,2,1,2,8500
200000.0,Setor Habitacional Arniqueira,200,3,3,2,1000
1150000.0,Setor Habitacional Vicente Pires,298,3,2,5,3859
260000.0,Ceilandia Norte,200,5,1,4,1300
359994.0,Taguatinga Centro,52,2,1,2,6923
470719.0,Aguas Claras,68,2,1,2,6922
899000.0,Sobradinho,520,5,4,4,1729
870000.0,Setor Habitacional Arniqueira,260,4,4,4,3346
245000.0,Ceilandia Norte,200,6,3,6,1225
685000.0,Setor Habitacional Jardim Botânico,180,3,2,3,3806
345000.0,Setor Industrial,64,3,1,2,5391
500000.0,Norte,69,2,1,2,7246
720000.0,Setor Habitacional Jardim Botânico,220,3,4,1,3273
230000.0,Ceilandia Sul,98,2,3,2,2347
300000.0,Riacho Fundo I,56,2,1,2,5357
300000.0,Samambaia Norte,126,4,2,2,2381
565000.0,Sobradinho,350,4,3,4,1614
900000.0,Aguas Claras,184,2,2,3,4891
1630000.0,Setor Habitacional Jardim Botânico,340,4,4,5,4794
181900.0,Samambaia Norte,55,2,1,1,3307
790000.0,Vicente Pires,350,3,5,3,2257
200000.0,Samambaia Norte,45,2,1,1,4444
430000.0,Setor Habitacional Vicente Pires,100,3,2,2,4300
710000.0,Norte,88,3,1,3,8068
820000.0,Setor Habitacional Vicente Pires,163,3,2,3,5031
335000.0,Samambaia Sul,225,2,6,1,1489
1250000.0,Setor Habitacional Vicente Pires Trecho 3,1500,5,6,5,833
1300000.0,Setor Habitacional Vicente Pires,280,4,4,5,4643
1300000.0,Setor Habitacional Vicente Pires,280,4,4,5,4643
229000.0,Setor Habitacional Vicente Pires Trecho 3,80,3,1,1,2862
250000.0,Taguatinga Norte,54,1,1,1,4630
245000.0,Samambaia Norte,65,3,1,2,3769
530000.0,Ponte Alta Norte,220,3,2,2,2409
750000.0,Setor Habitacional Vicente Pires,240,3,4,2,3125
3500000.0,Park Way,1386,14,10,18,2525
380000.0,Taguatinga Norte,250,3,3,1,1520
840000.0,Vila Sao Jose,382,5,3,5,2199
200000.0,Vicente Pires,78,2,1,1,2564
387000.0,Setor Habitacional Arniqueira,75,3,2,2,5160
480000.0,Taguatinga Norte,73,3,2,2,6575
409900.0,Norte,54,2,1,2,7591
465000.0,Guara II,57,2,1,1,8158
519994.0,Taguatinga Sul,82,2,1,2,6341
520000.0,Setor Industrial,101,2,1,3,5149
300000.0,Asa Sul,25,1,1,1,12000
650000.0,Sul,96,3,1,3,6771
380000.0,Sul,55,2,1,1,6909
185000.0,Samambaia Sul,80,2,2,1,2312
325000.0,Taguatinga Sul,68,3,1,2,4779
380000.0,Riacho Fundo I,75,3,1,1,5067
450000.0,Setor Oeste,275,3,3,2,1636
270000.0,Riacho Fundo II,200,4,2,2,1350
570000.0,Guara II,62,2,1,2,9194
500000.0,Setor Habitacional Arniqueira,185,2,2,3,2703
1100000.0,Setor Habitacional Vicente Pires,400,4,2,4,2750
1050000.0,Setor Habitacional Vicente Pires,280,3,2,4,3750
690000.0,Guara II,170,3,4,3,4059
490000.0,Ceilandia Sul,144,3,2,5,3403
470000.0,Samambaia Norte,180,4,2,4,2611
645000.0,Norte,81,3,2,2,7963
1200000.0,Vicente Pires,200,4,2,5,6000
483000.0,Norte,64,2,1,2,7547
279900.0,Samambaia,130,2,2,1,2153
580000.0,Vila Sao Jose,220,4,3,3,2636
598347.0,Sul,91,3,2,3,6575
980000.0,Setor Habitacional Vicente Pires,250,4,4,4,3920
210000.0,Samambaia Sul,112,3,2,1,1875
645000.0,Aguas Claras,81,3,2,2,7963
600000.0,Setor Industrial,87,3,1,3,6897
865000.0,Guara I,220,3,4,3,3932
660000.0,Samambaia Norte,246,4,3,3,2683
196000.0,Taguatinga Norte,63,2,1,1,3111
1380000.0,Setor Habitacional Jardim Botânico,400,4,2,7,3450
230000.0,Ceilandia Sul,110,2,2,1,2091
739000.0,Setor Habitacional Vicente Pires Trecho 3,750,4,5,3,985
208000.0,Samambaia Sul,48,2,1,1,4333
650000.0,Sul,91,3,2,4,7143
205000.0,Samambaia Sul,55,2,1,1,3727
1100000.0,Setor Habitacional Vicente Pires,390,3,4,5,2821
590000.0,Aguas Claras,79,2,1,2,7468
950000.0,Setor Habitacional Vicente Pires,280,3,4,5,3393
1200000.0,Setor Habitacional Vicente Pires,380,4,4,5,3158
1411624.0,Setor Noroeste,103,3,2,3,13705
320000.0,Guara I,86,2,1,1,3721
370000.0,Recanto das Emas,250,5,2,3,1480
267965.0,Asa Norte,29,1,1,1,9240
1100000.0,Setor Habitacional Vicente Pires,900,4,2,3,1222
250000.0,nan,262,4,3,2,954
342000.0,Samambaia Sul,208,4,4,2,1644
149994.0,Samambaia Sul,126,2,2,1,1190
1500000.0,Area Rural de Planaltina,700000,4,4,3,2
890000.0,Ponte Alta Norte,800,3,3,4,1112
620000.0,Aguas Claras,115,3,2,2,5391
780000.0,Setor Habitacional Arniqueira,300,4,2,4,2600
740000.0,Setor Habitacional Vicente Pires,200,3,10,4,3700
956984.0,Setor de Habitações Individuais Norte,81,3,2,3,11815
475000.0,Setor Habitacional Vicente Pires Trecho 3,280,3,3,2,1696
250000.0,Taguatinga Norte,57,2,1,1,4386
181900.0,Samambaia Sul,44,2,1,1,4134
229900.0,Samambaia Sul,58,2,1,1,3964
620000.0,Sul,73,2,2,2,8493
1300000.0,Setor Habitacional Vicente Pires,500,5,5,4,2600
110000.0,Taguatinga,52,2,1,1,2115
790000.0,Setor Sudoeste,100,2,2,2,7900
1100000.0,Setor Noroeste,76,2,1,3,14474
1100000.0,Setor Habitacional Vicente Pires,300,3,2,4,3667
320000.0,Riacho Fundo I,63,2,2,1,5079
440000.0,Setor Habitacional Arniqueira,200,4,4,1,2200
1000050.0,Guara II,166,3,3,4,6024
290000.0,Norte,50,2,1,1,5800
575000.0,Ponte Alta Norte,190,3,1,3,3026
750000.0,Candangolândia,267,4,3,3,2809
1300000.0,Setor Habitacional Arniqueira,280,4,4,5,4643
810000.0,Setor Habitacional Vicente Pires,250,4,2,3,3240
190000.0,Taguatinga Norte,65,2,1,1,2923
660000.0,Aguas Claras,91,3,1,3,7253
228000.0,Samambaia Sul,55,2,1,1,4145
250000.0,Taguatinga Norte,85,2,2,1,2941
170000.0,Setor Habitacional Vicente Pires,45,2,1,1,3778
580000.0,Setor Habitacional Vicente Pires,415,3,2,3,1398
1000000.0,Vicente Pires,250,3,3,6,4000
1310000.0,Setor Habitacional Vicente Pires,400,4,2,5,3275
765000.0,Regiao dos Lagos,250,4,3,3,3060
495000.0,Quinta dos Ipes,180,3,2,3,2750
235000.0,Ceilandia Norte,120,3,2,2,1958
860000.0,Sul,93,3,2,3,9247
1200000.0,Setor Habitacional Vicente Pires,300,3,2,4,4000
890000.0,Setor Habitacional Arniqueira,201,3,2,4,4428
380000.0,Jardins Mangueiral,63,2,2,2,6032
410000.0,Aguas Claras,47,2,1,1,8723
360000.0,Samambaia Norte,200,2,5,2,1800
797000.0,Setor Habitacional Jardim Botânico,300,7,5,6,2657
870000.0,Núcleo Bandeirante,170,4,2,4,5118
440000.0,Sul,52,2,1,2,8462
253606.0,Samambaia Sul,54,2,1,1,4696
685000.0,Norte,92,3,2,3,7446
340000.0,Ceilandia Norte,190,5,1,3,1789
1290000.0,Setor Habitacional Vicente Pires,450,4,4,5,2867
750000.0,Setor Habitacional Vicente Pires,380,4,4,4,1974
339999.0,Norte,49,2,1,1,6939
320000.0,Quadras Economicas Lucio Costa,60,2,2,1,5333
225000.0,Taguatinga Norte,230,5,3,4,978
1290000.0,Setor Habitacional Taquari,190,4,6,4,6789
280000.0,Recanto das Emas,125,3,3,2,2240
500000.0,Guara II,59,2,1,2,8475
1300000.0,nan,236,3,2,5,5508
650000.0,Setor Habitacional Arniqueira,180,3,4,2,3611
299000.0,Samambaia Sul,180,2,2,1,1661
350000.0,Samambaia Sul,160,5,2,5,2188
750000.0,Setor Habitacional Jardim Botânico,310,4,4,4,2419
160000.0,Santa Maria,45,2,1,1,3556
740000.0,Paranoá,250,3,2,4,2960
500000.0,Setor Habitacional Vicente Pires,110,3,1,2,4545
380000.0,Samambaia Norte,192,3,3,2,1979
399900.0,Aguas Claras,57,2,1,2,7016
290000.0,Guara I,60,2,1,2,4833
225000.0,Setor Habitacional Vicente Pires,53,2,1,1,4245
150000.0,Setor Habitacional Vicente Pires,120,2,2,1,1250
245000.0,Sobradinho II,107,3,1,2,2290
650000.0,Norte,82,2,2,3,7927
180000.0,Guara II,50,1,2,1,3600
1250000.0,Setor Habitacional Vicente Pires,300,4,2,5,4167
900000.0,Setor Habitacional Vicente Pires,220,3,3,5,4091
390000.0,Area Rural do Gama,7000,3,2,2,56
340000.0,Riacho Fundo II,112,4,1,4,3036
1050000.0,Setor Habitacional Jardim Botânico,394,4,3,4,2665
520000.0,Norte,70,3,1,2,7429
1100000.0,Setor Habitacional Jardim Botânico,476,4,4,5,2311
799999.0,Setor Habitacional Vicente Pires,400,3,2,4,2000
550000.0,Residencial Santos Dumont,250,3,1,2,2200
369900.0,Taguatinga Norte,90,3,1,2,4110
1350000.0,Setor Habitacional Arniqueira,270,4,2,5,5000
395000.0,Norte,56,2,1,2,7054
730000.0,Taguatinga Sul,300,3,2,1,2433
320000.0,Guara II,56,2,1,1,5714
950000.0,Setor Habitacional Vicente Pires,400,4,3,4,2375
690000.0,Setor Habitacional Jardim Botânico,200,3,2,3,3450
680000.0,Guara II,180,3,2,3,3778
550000.0,Jardins Mangueiral,75,2,2,2,7333
430000.0,Taguatinga Norte,160,3,2,2,2688
630000.0,Area Rural do Lago Norte,5000,2,2,2,126
180000.0,Setor Oeste,104,3,1,1,1731
670000.0,Setor Habitacional Vicente Pires Trecho 3,150,3,4,1,4467
660000.0,Setor Habitacional Vicente Pires,200,3,2,2,3300
305000.0,Ceilandia Norte,68,2,1,1,4485
400000.0,Sul,50,1,1,1,8000
195000.0,Taguatinga Centro,52,2,1,1,3750
280000.0,Setor Habitacional Vicente Pires,80,3,1,2,3500
150000.0,Planaltina,44,2,1,1,3409
970000.0,Setor Habitacional Arniqueira,250,3,2,5,3880
310000.0,Norte,41,1,1,1,7561
189994.0,Taguatinga Norte,65,2,1,1,2923
440000.0,Setor Habitacional Vicente Pires,110,3,5,2,4000
1300000.0,Setor Habitacional Vicente Pires,300,3,2,4,4333
410000.0,Sul,60,1,1,1,6833
110000.0,Samambaia Norte,47,2,1,1,2340
1280000.0,Setor Habitacional Vicente Pires,280,3,3,5,4571
1280000.0,Setor Habitacional Vicente Pires,280,3,3,5,4571
530000.0,Taguatinga,73,3,1,3,7260
900000.0,Setor Habitacional Vicente Pires,450,4,4,4,2000
1100000.0,Setor Habitacional Vicente Pires Trecho 3,480,4,2,5,2292
490000.0,Setor Sul,310,3,4,3,1581
1250000.0,Setor Habitacional Jardim Botânico,400,4,4,7,3125
785000.0,Setor Habitacional Vicente Pires Trecho 3,180,3,2,3,4361
580000.0,Setor Habitacional Arniqueira,200,5,4,4,2900
439000.0,Aguas Claras,227,5,3,3,1934
899000.0,Setor Habitacional Vicente Pires Trecho 3,1000,3,4,3,899
1350000.0,Grande Colorado,280,5,3,7,4821
715000.0,Guara II,80,3,1,3,8938
340000.0,Areal,124,3,1,3,2742
320000.0,Norte,54,2,1,1,5926
860000.0,Setor Habitacional Vicente Pires,290,4,1,4,2966
700000.0,Setor Habitacional Vicente Pires,468,3,5,2,1496
780000.0,Taguatinga Norte,360,4,2,8,2167
375000.0,Sul,42,1,1,1,8929
410000.0,Taguatinga Sul,69,3,1,2,5942
650000.0,Riacho Fundo I,150,3,4,3,4333
310000.0,Guara II,54,2,1,1,5741
345000.0,Setor Industrial,64,3,1,1,5391
290000.0,Samambaia Norte,140,2,3,1,2071
620000.0,Regiao dos Lagos,230,4,3,3,2696
660000.0,Samambaia Norte,246,4,5,4,2683
420000.0,Samambaia Norte,130,4,2,3,3231
1450000.0,Setor Habitacional Jardim Botânico,280,4,2,5,5179
369529.0,Samambaia Norte,80,3,1,2,4619
570000.0,Lago Norte,68,2,1,2,8382
520000.0,Aguas Claras,64,3,2,2,8125
1184358.0,Setor Noroeste,99,2,2,3,11963
215000.0,Riacho Fundo II,100,2,4,1,2150
290000.0,Sobradinho,60,2,1,1,4833
235000.0,Samambaia Sul,54,2,1,1,4352
215000.0,Taguatinga Norte,82,2,1,1,2622
540000.0,Norte,77,2,1,3,7013
215000.0,Taguatinga Norte,67,2,1,1,3209
680000.0,Setor Habitacional Vicente Pires Trecho 3,280,3,3,2,2429
750000.0,Park Way ,250,3,4,4,3000
1220000.0,Setor Habitacional Vicente Pires,450,4,4,5,2711
750000.0,Norte,113,3,1,3,6637
650000.0,Riacho Fundo I,300,3,3,1,2167
170000.0,Norte,36,1,1,1,4722
1000000.0,Setor Habitacional Vicente Pires Trecho 3,240,4,2,5,4167
505000.0,Aguas Claras,70,2,1,2,7214
420000.0,Norte,55,1,1,2,7636
485000.0,Norte,65,2,1,1,7462
305000.0,Taguatinga Sul,46,1,1,1,6630
700000.0,nan,200,5,4,1,3500
300000.0,Recanto das Emas,140,3,5,2,2143
350000.0,Recanto das Emas,120,5,4,1,2917
259994.0,Samambaia Norte,104,3,2,1,2500
425000.0,Norte,55,1,1,2,7727
170000.0,Taguatinga Centro,70,2,2,1,2429
214994.0,Ceilandia Norte,56,3,4,2,3839
250000.0,nan,118,2,2,1,2119
640000.0,Setor Habitacional Vicente Pires Trecho 3,220,3,1,3,2909
550000.0,Areal,280,5,4,4,1964
250000.0,Ceilandia Norte,222,3,4,1,1126
380000.0,Ceilandia Norte,170,3,4,1,2235
620000.0,Sul,73,2,1,2,8493
430000.0,Sul,60,2,1,2,7167
580000.0,Setor Habitacional Arniqueira,200,4,5,4,2900
1200000.0,Setor Habitacional Arniqueira,400,4,4,4,3000
450000.0,Setor Habitacional Arniqueira,400,2,4,2,1125
319990.0,Setor Industrial,64,3,1,2,5000
315000.0,Ceilandia Sul,70,3,1,2,4500
520000.0,Setor Habitacional Arniqueira,280,5,4,3,1857
359000.0,Setor Habitacional Vicente Pires,180,3,1,2,1994
795000.0,Setor Habitacional Vicente Pires,300,3,2,3,2650
860000.0,Setor Habitacional Vicente Pires,363,3,2,4,2369
350000.0,Taguatinga Centro,71,2,1,2,4930
130000.0,Riacho Fundo II,55,2,1,1,2364
319994.0,Recanto das Emas,126,4,2,2,2540
850000.0,Setor Sudoeste,77,2,1,3,11039
930000.0,Setor Habitacional Vicente Pires,400,3,2,3,2325
199994.0,Taguatinga Sul,65,2,1,1,3077
630000.0,Taguatinga Norte,245,5,5,4,2571
650000.0,Setor Habitacional Vicente Pires,120,3,4,2,5417
435000.0,nan,200,3,3,2,2175
330000.0,Ceilandia Norte,64,3,1,2,5156
850000.0,Setor Habitacional Vicente Pires,200,3,2,4,4250
550000.0,Setor Habitacional Arniqueira,400,3,4,3,1375
1250000.0,Setor Habitacional Vicente Pires,430,4,4,1,2907
290000.0,Riacho Fundo I,58,2,1,1,5000
670000.0,Setor Habitacional Vicente Pires Trecho 3,250,3,2,2,2680
670000.0,Sul,89,3,1,3,7528
1850000.0,Setor Habitacional Jardim Botânico,750,6,3,8,2467
429900.0,Taguatinga Norte,73,3,1,2,5889
128000.0,Ceilandia Norte,54,2,1,2,2370
139000.0,Ceilandia Sul,150,2,4,1,927
175000.0,Riacho Fundo I,47,2,1,1,3723
590000.0,Setor Habitacional Vicente Pires,140,3,2,2,4214
380000.0,Aguas Claras,64,1,1,2,5938
650000.0,Gama,110,4,2,2,5909
1100000.0,Setor Habitacional Vicente Pires,280,3,2,5,3929
1480200.0,Setor de Habitações Individuais Norte,175,3,2,3,8458
130000.0,Samambaia Sul,47,2,1,1,2766
395000.0,Samambaia Sul,79,3,1,2,5000
405000.0,Norte,59,1,1,1,6864
420000.0,Ponte Alta Norte,120,3,5,2,3500
598000.0,Jardins Mangueiral,110,3,2,2,5436
575000.0,Setor Habitacional Vicente Pires,200,4,5,3,2875
910000.0,Setor Habitacional Arniqueira,250,3,2,4,3640
270000.0,Ceilandia Sul,100,3,3,1,2700
380000.0,Setor Habitacional Arniqueira,200,2,2,2,1900
499000.0,Aguas Claras,68,3,2,2,7338
445000.0,Guara I,80,3,2,2,5562
350000.0,Setor Industrial,64,3,1,2,5469
425000.0,Samambaia Sul,90,3,1,2,4722
1160000.0,Aguas Claras,145,4,2,5,8000
780000.0,Setor Habitacional Jardim Botânico,200,3,5,3,3900
1000000.0,Vicente Pires,300,5,5,5,3333
399000.0,Taguatinga Sul,120,3,3,2,3325
354994.0,Areal,121,3,2,2,2934
739000.0,Setor Habitacional Vicente Pires,230,3,5,1,3213
226000.0,Samambaia Sul,57,2,1,1,3965
115000.0,Aguas Claras,37,1,1,1,3108
1050000.0,Setor Habitacional Arniqueira,232,4,2,1,4526
479000.0,Ceilandia Sul,250,4,6,4,1916
750000.0,Sul,82,2,1,2,9146
215000.0,Taguatinga Norte,65,2,1,1,3308
580000.0,Setor Habitacional Vicente Pires Trecho 3,100,2,1,2,5800
520000.0,Sul,58,2,1,2,8966
520000.0,Norte,84,3,2,1,6190
1950000.0,Setor Habitacional Jardim Botânico,650,8,3,5,3000
700000.0,Setor Sudoeste,68,2,1,2,10294
380000.0,Riacho Fundo I,80,3,1,2,4750
650000.0,Ceilandia Norte,250,6,4,5,2600
270000.0,Ceilandia Norte,150,4,5,2,1800
325000.0,Setor Oeste,150,3,3,1,2167
250000.0,Setor Meireles,102,3,1,2,2451
190000.0,Samambaia Sul,72,2,1,1,2639
835000.0,Setor Habitacional Vicente Pires,800,4,4,5,1044
420000.0,Samambaia Norte,230,5,4,4,1826
320000.0,Taguatinga Norte,60,2,1,2,5333
410000.0,Guara II,90,3,2,2,4556
320000.0,Asa Sul,34,1,2,1,9412
270000.0,nan,200,2,2,2,1350
174994.0,Samambaia Norte,45,2,1,2,3889
720000.0,Setor Habitacional Arniqueira,280,4,7,3,2571
655000.0,Sul,90,2,2,3,7278
665000.0,Norte,107,3,2,1,6215
215000.0,Samambaia Sul,49,2,1,1,4388
1350000.0,Setor Habitacional Vicente Pires,500,4,5,6,2700
790000.0,Setor Habitacional Vicente Pires Trecho 3,400,3,2,2,1975
480000.0,Guara II,55,2,1,1,8727
355000.0,Samambaia Norte,70,2,2,2,5071
570000.0,Riacho Fundo II,360,3,3,3,1583
180000.0,Samambaia Sul,44,2,1,1,4091
890000.0,Sobradinho,280,4,2,5,3179
980000.0,Setor Habitacional Jardim Botânico,409,4,6,4,2396
1000000.0,Setor Habitacional Vicente Pires,260,3,5,3,3846
400000.0,nan,67,3,1,1,5970
220000.0,Taguatinga Norte,70,2,2,2,3143
310000.0,Guara I,65,3,1,2,4769
1200000.0,Setor Habitacional Vicente Pires,310,4,4,5,3871
1200000.0,Setor Habitacional Vicente Pires,310,4,4,5,3871
1199994.0,Norte,133,3,2,4,9023
259000.0,Vicente Pires,56,2,1,1,4625
120000.0,Santa Maria,60,1,4,1,2000
450000.0,Ceilandia Sul,250,4,6,3,1800
490000.0,Taguatinga Sul,300,4,4,3,1633
125000.0,Vicente Pires,33,1,1,1,3788
670000.0,Setor Habitacional Vicente Pires,500,4,4,3,1340
390000.0,Sul,55,1,1,2,7091
120000.0,Samambaia Sul,48,2,1,1,2500
290000.0,Recanto das Emas,150,3,3,1,1933
1150000.0,Asa Norte,116,3,1,3,9914
600000.0,Setor de Mansões de Sobradinho,230,3,5,1,2609
400000.0,nan,250,4,3,3,1600
780000.0,Setor Habitacional Vicente Pires,400,3,4,1,1950
1100000.0,Park Way ,280,3,4,5,3929
390000.0,Asa Norte,33,1,1,1,11818
366191.0,Zona Industrial,32,1,1,1,11443
305000.0,Aguas Claras,33,1,1,1,9242
410000.0,Sul,74,3,1,2,5541
660000.0,Setor Habitacional Vicente Pires Trecho 3,600,3,7,5,1100
750000.0,Setor Habitacional Vicente Pires,438,6,2,4,1712
670000.0,Sul,90,2,2,3,7444
900000.0,Setor Habitacional Jardim Botânico,380,4,4,3,2368
1299994.0,Taguatinga Sul,380,4,6,6,3421
659000.0,Taguatinga Sul,250,3,3,3,2636
780000.0,Setor Habitacional Jardim Botânico,200,3,4,3,3900
1499994.0,Regiao dos Lagos,570,4,7,6,2632
250000.0,Asa Norte,75,1,1,1,3333
389000.0,Samambaia Sul,68,3,1,2,5721
375000.0,Quadras Economicas Lucio Costa,350,2,2,2,1071
650000.0,Setor Habitacional Vicente Pires,200,3,1,2,3250
500000.0,Setor Habitacional Arniqueira,400,3,3,5,1250
1399900.0,Guara II,290,3,2,4,4827
895000.0,Norte,96,3,1,3,9323
650000.0,Riacho Fundo I,224,4,3,1,2902
530000.0,Guara II,63,2,1,1,8413
190000.0,Setor Habitacional Tororo,800,1,2,1,238
275000.0,Samambaia Norte,75,3,1,1,3667
160000.0,Santa Maria,60,3,2,1,2667
1000000.0,Setor Habitacional Arniqueira,400,4,5,6,2500
360000.0,Jardins Mangueiral,60,2,2,2,6000
1250000.0,Setor Habitacional Jardim Botânico,470,3,6,7,2660
1200000.0,Setor Habitacional Vicente Pires,260,3,2,4,4615
950000.0,Setor Habitacional Vicente Pires,210,3,3,4,4524
600000.0,Setor Habitacional Vicente Pires,400,3,2,3,1500
149000.0,Riacho Fundo II,50,2,1,1,2980
245000.0,Ceilandia Norte,52,2,1,1,4712
210000.0,Taguatinga,55,2,1,1,3818
427576.0,Samambaia Norte,92,3,1,3,4648
350000.0,Setor Habitacional Arniqueira,180,3,2,2,1944
700000.0,Setor Habitacional Arniqueira,350,6,4,4,2000
990000.0,Setor Habitacional Vicente Pires Trecho 3,800,3,5,3,1238
159000.0,Ceilandia Norte,36,1,1,1,4417
250000.0,Ceilandia Norte,140,2,3,1,1786
550000.0,Setor Habitacional Jardim Botânico,100,3,3,3,5500
1049000.0,Setor Habitacional Vicente Pires,260,3,4,5,4035
1200000.0,Setor Habitacional Arniqueira,300,4,2,4,4000
275000.0,Setor Industrial,52,2,1,2,5288
215000.0,Samambaia Sul,60,2,2,1,3583
320000.0,Asa Sul,27,1,1,1,11852
750000.0,Asa Norte,59,2,2,2,12712
199999.0,Samambaia Sul,50,2,1,1,4000
1700000.0,Setor Habitacional Vicente Pires,908,6,4,2,1872
320000.0,Ceilandia Norte,143,3,3,2,2238
255000.0,Ceilândia,89,2,2,1,2865
1075000.0,Setor Habitacional Jardim Botânico,350,5,4,7,3071
1350000.0,Setor Habitacional Vicente Pires,218,4,1,1,6193
520000.0,Norte,70,3,1,2,7429
1350000.0,Setor Habitacional Vicente Pires,560,5,6,6,2411
460000.0,Taguatinga Norte,82,3,1,3,5610
450000.0,Setor Habitacional Vicente Pires,110,3,1,3,4091
1690000.0,Park Way,380,4,2,5,4447
450000.0,Setor Habitacional Samambaia,350,3,5,2,1286
850000.0,Núcleo Bandeirante,180,3,3,4,4722
310000.0,Sul,42,1,1,1,7381
850000.0,Vicente Pires,240,4,4,4,3542
149600.0,Samambaia Sul,46,2,1,1,3252
1100000.0,Setor Habitacional Vicente Pires,280,3,2,4,3929
879000.0,Guara II,290,5,4,4,3031
580000.0,Sul,61,2,2,2,9508
385000.0,Ceilandia Norte,135,3,3,2,2852
300000.0,Ceilandia Norte,200,4,1,2,1500
630000.0,Aguas Claras,109,3,2,2,5780
380000.0,Taguatinga Norte,120,3,3,2,3167
329000.0,Setores Complementares,60,2,1,1,5483
320000.0,Taguatinga Norte,72,2,1,2,4444
820000.0,Sobradinho,350,5,4,8,2343
550000.0,Guara II,270,4,2,5,2037
199900.0,Ceilândia,53,2,1,1,3772
215000.0,Setor Habitacional Vicente Pires,70,2,1,1,3071
210000.0,Taguatinga Norte,60,2,1,2,3500
540000.0,Norte,70,2,2,2,7714
195000.0,Taguatinga Sul,36,1,1,1,5417
1050000.0,Setor Habitacional Vicente Pires,400,4,5,5,2625
1100000.0,Setor Habitacional Jardim Botânico,201,3,2,5,5473
950000.0,Setor Habitacional Vicente Pires,266,3,2,4,3571
360000.0,Taguatinga Norte,150,4,4,2,2400
229000.0,Setor Habitacional Vicente Pires,60,2,1,1,3817
1300000.0,Vicente Pires,500,4,4,5,2600
660000.0,Lago Norte,190,4,2,4,3474
900000.0,Setor Habitacional Vicente Pires,220,3,2,5,4091
1100000.0,Sobradinho,420,5,5,6,2619
315000.0,Setor Sudoeste,27,1,1,1,11667
480000.0,Setor Industrial,90,2,2,2,5333
400000.0,Setor Habitacional Arniqueira,350,3,8,2,1143
240000.0,Asa Norte,35,1,1,1,6857
135000.0,Setor Habitacional Vicente Pires,50,1,1,1,2700
730000.0,Setor Habitacional Arniqueira,210,3,3,3,3476
345000.0,Jardins Mangueiral,60,2,2,2,5750
520000.0,Taguatinga Sul,170,3,4,3,3059
1050000.0,Setor Habitacional Vicente Pires,373,4,5,4,2815
300000.0,Ceilandia Sul,130,3,2,1,2308
380000.0,Guara I,70,2,1,2,5429
539900.0,Aguas Claras,74,3,1,2,7296
550000.0,Lago Norte,54,1,1,1,10185
168994.0,Ceilandia Sul,46,2,1,1,3674
217000.0,Taguatinga Norte,64,2,1,1,3391
225000.0,Taguatinga Sul,65,2,1,1,3462
335000.0,Zona Industrial,35,1,1,1,9571
560000.0,Setor Habitacional Arniqueira,570,5,4,4,982
770000.0,Setor Habitacional Vicente Pires,210,3,6,3,3667
310000.0,Gama,275,5,2,4,1127
350000.0,Ceilandia Norte,135,4,2,2,2593
320000.0,Guara I,66,2,1,2,4848
520000.0,Regiao dos Lagos,400,3,2,4,1300
1380000.0,Asa Norte,230,4,4,2,6000
810000.0,Sobradinho,307,3,4,4,2638
310000.0,Taguatinga Sul,74,3,1,2,4189
490000.0,Aguas Claras,80,2,1,2,6125
729990.0,Sul,104,3,1,3,7019
150000.0,Ponte Alta Norte,150,2,8,1,1000
750000.0,Setor Habitacional Vicente Pires,330,5,4,2,2273
260000.0,Samambaia Norte,200,6,3,4,1300
950000.0,Setor Habitacional Vicente Pires Trecho 3,413,5,6,6,2300
850000.0,Sul,94,3,2,3,9043
650000.0,Riacho Fundo I,144,2,5,8,4514
399900.0,Norte,44,1,1,1,9089
399990.0,Norte,44,1,1,1,9091
1250000.0,Vicente Pires,378,4,5,5,3307
410000.0,nan,150,2,1,1,2733
270000.0,Setor Habitacional Vicente Pires,50,2,1,2,5400
619994.0,Sul,73,2,1,2,8493
500000.0,Norte,60,2,2,1,8333
1100000.0,Setor Habitacional Vicente Pires,400,3,4,1,2750
950000.0,Setor Habitacional Vicente Pires,220,3,3,5,4318
320000.0,Sul,38,1,1,1,8421
265000.0,Areal,53,2,1,2,5000
580000.0,Guara II,199,3,2,4,2915
460000.0,Sul,75,2,1,2,6133
750000.0,Setor de Habitações Individuais Norte,83,2,1,2,9036
1100000.0,Setor Habitacional Vicente Pires,496,6,3,5,2218
680000.0,Guara II,180,3,2,3,3778
185000.0,Samambaia Sul,100,3,2,1,1850
490000.0,Setor Habitacional Arniqueira,250,3,3,1,1960
289915.0,Samambaia Sul,60,2,2,1,4832
1050000.0,Lago Sul,312,5,4,3,3365
320000.0,Setor Leste,90,3,2,1,3556
650000.0,Setor Habitacional Jardim Botânico,250,4,2,4,2600
203000.0,Taguatinga Centro,55,2,1,1,3691
470000.0,Jardins Mangueiral,85,2,2,2,5529
155000.0,Setor Oeste,75,1,3,1,2067
1100000.0,Setor Habitacional Vicente Pires,375,4,5,4,2933
295000.0,Setor Habitacional Jardim Botânico,610,1,1,1,484
900000.0,Area Rural de Sao Sebastiao,400,4,4,3,2250
772414.0,Aguas Claras,101,3,2,3,7648
370000.0,Setor Habitacional Tororo,1940,1,1,1,191
1300000.0,Setor Habitacional Vicente Pires,270,3,2,4,4815
180000.0,Taguatinga Norte,45,2,1,1,4000
515000.0,Ceilandia Sul,200,3,2,3,2575
600000.0,Setor Habitacional Arniqueira,300,5,3,4,2000
1200000.0,Setor Habitacional Vicente Pires,200,4,2,5,6000
850000.0,Riacho Fundo I,260,3,3,4,3269
1200000.0,Setor Habitacional Vicente Pires Trecho 3,400,4,4,4,3000
980000.0,Setor Habitacional Vicente Pires,900,4,4,3,1089
240000.0,Ceilandia Sul,135,4,2,1,1778
480000.0,Ceilandia Norte,225,4,3,3,2133
490000.0,Guara II,55,2,1,2,8909
1199994.0,Taguatinga Sul,500,3,4,5,2400
496463.0,Zona Industrial,42,1,1,1,11821
275000.0,Recanto das Emas,150,3,3,1,1833
449000.0,Sul,52,1,1,2,8635
529000.0,Zona Industrial,50,2,1,2,10580
450000.0,Setor Habitacional Samambaia,400,5,4,3,1125
285000.0,Samambaia Norte,52,2,2,1,5481
999000.0,Setor Habitacional Vicente Pires,450,4,6,5,2220
330000.0,Riacho Fundo I,150,2,2,1,2200
660000.0,Norte,94,3,1,3,7021
850000.0,Ponte Alta Norte,280,3,4,3,3036
1150000.0,Regiao dos Lagos,450,4,4,4,2556
1150000.0,Setor Habitacional Vicente Pires Trecho 3,400,4,4,4,2875
429900.0,Lago Norte,45,1,1,1,9553
800000.0,Setor Habitacional Vicente Pires Trecho 3,250,3,3,3,3200
240000.0,Taguatinga Sul,68,2,1,1,3529
880000.0,Setor Habitacional Vicente Pires,417,3,2,3,2110
310000.0,Ceilandia Norte,63,3,1,2,4921
280000.0,Ceilandia Norte,100,3,1,2,2800
730000.0,Vicente Pires,150,2,5,2,4867
1650000.0,Setor Habitacional Arniqueira,600,7,4,6,2750
640000.0,Ponte Alta Norte,190,3,4,3,3368
510000.0,Sul,74,3,1,2,6892
729900.0,Sul,104,3,1,3,7018
495000.0,Guara I,85,3,2,3,5824
1300000.0,Setor Habitacional Taquari,305,4,2,5,4262
370000.0,Taguatinga Norte,64,3,1,1,5781
1159000.0,Setor Habitacional Vicente Pires,450,4,2,2,2576
680000.0,Setor Habitacional Vicente Pires,360,3,2,5,1889
280000.0,Setor Habitacional Vicente Pires Trecho 3,90,1,2,2,3111
800000.0,Regiao dos Lagos,730,5,2,6,1096
950000.0,Guara II,200,4,4,5,4750
490000.0,Ceilandia Norte,123,3,2,2,3984
1550000.0,Setor Habitacional Jardim Botânico,500,5,3,7,3100
295000.0,Setor Noroeste,164,4,3,6,1799
440000.0,Sul,58,2,1,2,7586
1404908.0,Setor Noroeste,103,3,2,4,13640
470000.0,Jardins Mangueiral,67,3,2,2,7015
325000.0,Quadras Economicas Lucio Costa,58,2,1,1,5603
570000.0,Guara II,62,2,1,2,9194
400000.0,Taguatinga Sul,160,4,2,2,2500
430000.0,Sul,57,2,1,2,7544
360000.0,Recanto das Emas,240,5,3,2,1500
700000.0,Aguas Claras,96,3,2,3,7292
650000.0,Setor Habitacional Vicente Pires,220,4,2,3,2955
229900.0,Samambaia Norte,205,2,1,1,1121
1300000.0,Taguatinga Norte,505,5,4,7,2574
270000.0,Ceilandia Norte,53,2,2,1,5094
640000.0,Setor Habitacional Arniqueira,300,4,4,5,2133
780000.0,Taguatinga Sul,350,5,4,2,2229
240000.0,Taguatinga Norte,47,2,1,1,5106
1300000.0,Setor Habitacional Vicente Pires,480,4,10,5,2708
215000.0,Ceilandia Norte,90,3,2,1,2389
450000.0,Norte,70,2,1,2,6429
900000.0,Residencial Santos Dumont,250,4,4,4,3600
1750000.0,Asa Norte,173,4,4,4,10116
195000.0,Taguatinga Centro,55,2,1,1,3545
300000.0,Asa Sul,30,1,1,1,10000
650000.0,Setor Habitacional Vicente Pires Trecho 3,400,4,4,3,1625
1350000.0,Setor Habitacional Vicente Pires,340,4,2,5,3971
490000.0,Setor Habitacional Jardim Botânico,200,3,2,2,2450
290000.0,Taguatinga Norte,51,2,1,2,5686
540000.0,Norte,75,2,1,2,7200
194994.0,Samambaia Sul,42,2,1,1,4643
640000.0,Aguas Claras,82,3,1,3,7805
260000.0,Jardins Mangueiral,48,2,1,1,5417
900000.0,Ponte Alta Norte,280,3,2,4,3214
270000.0,Taguatinga Norte,60,2,2,1,4500
585000.0,Guara II,62,2,1,2,9435
750000.0,Setor Habitacional Vicente Pires Trecho 3,740,3,5,3,1014
750000.0,Taguatinga,330,4,4,3,2273
515000.0,Norte,64,3,2,2,8047
420000.0,Ceilandia Sul,144,3,1,2,2917
730000.0,Setor Habitacional Arniqueira,160,3,2,3,4562
790000.0,Taguatinga Norte,383,4,6,5,2063
329000.0,Zona Industrial,35,1,1,1,9400
250000.0,Samambaia Norte,112,3,2,1,2232
880000.0,Setor Habitacional Jardim Botânico,200,3,4,3,4400
549994.0,Ceilandia Norte,123,3,2,2,4471
550000.0,Taguatinga Norte,84,3,2,3,6548
600000.0,Sul,79,3,2,3,7595
1100000.0,Area Rural de Santa Maria,28000,2,4,3,39
920000.0,Guara I,180,4,4,3,5111
560000.0,Sul,74,2,1,3,7568
420000.0,Guara I,92,3,2,2,4565
350000.0,Sobradinho,100,3,2,2,3500
499000.0,Samambaia Sul,260,4,2,4,1919
550000.0,Setor Habitacional Arniqueira,140,3,2,2,3929
230000.0,Taguatinga Norte,56,2,1,1,4107
495000.0,Sul,63,2,1,2,7857
200000.0,Samambaia Sul,90,3,2,1,2222
370000.0,Sul,42,1,1,1,8810
680000.0,Setor Sudoeste,68,2,1,2,10000
130000.0,Setor Industrial,50,2,1,1,2600
800000.0,Asa Norte,76,2,1,3,10526
370000.0,Sul,68,2,1,1,5441
399900.0,Aguas Claras,59,1,1,2,6778
800000.0,Guara I,180,3,2,3,4444
495000.0,Setor Oeste,233,3,4,2,2124
990500.0,Setor Habitacional Jardim Botânico,300,4,4,3,3302
290000.0,Norte,33,1,1,1,8788
550000.0,Areal,155,3,3,2,3548
260000.0,Taguatinga Sul,92,3,1,2,2826
470000.0,Setor Habitacional Arniqueira,130,2,5,2,3615
2200000.0,Park Way,2500,5,6,5,880
535000.0,Jardins Mangueiral,85,3,2,2,6294
155000.0,Samambaia Sul,10,2,2,1,15500
190000.0,Guara II,56,2,1,1,3393
1500000.0,Sobradinho,500,4,3,5,3000
1250000.0,Setor Habitacional Vicente Pires,350,4,6,6,3571
600000.0,Setor Habitacional Vicente Pires,125,2,3,3,4800
144999.0,Vicente Pires,45,1,1,1,3222
550000.0,Taguatinga Norte,350,3,4,3,1571
659000.0,Taguatinga Norte,300,3,4,4,2197
670000.0,Setor Habitacional Vicente Pires Trecho 3,280,3,3,2,2393
700000.0,Residencial Santos Dumont,220,6,5,4,3182
249990.0,Taguatinga,55,2,1,1,4545
550000.0,Vicente Pires,350,6,4,5,1571
210000.0,Setor Habitacional Vicente Pires,74,2,1,1,2838
299000.0,Ceilandia Norte,200,7,3,4,1495
894994.0,Sul,103,3,2,2,8689
1200000.0,Setor Sudoeste,94,3,1,3,12766
420000.0,Setor Industrial,65,3,1,2,6462
530000.0,Sul,74,3,1,2,7162
380000.0,Setor Central,64,2,1,1,5938
280000.0,Taguatinga Norte,63,2,1,1,4444
133000.0,Setor Meireles,50,2,1,1,2660
157080.0,Samambaia Norte,46,2,1,1,3415
560000.0,Setor Habitacional Arniqueira,180,3,2,2,3111
1100000.0,Setor Habitacional Vicente Pires,250,3,2,3,4400
210000.0,Areal,44,2,1,1,4773
199900.0,Samambaia Sul,54,2,1,2,3702
265000.0,Setor Industrial,47,2,1,1,5638
350000.0,Setor Habitacional Vicente Pires Trecho 3,108,2,4,1,3241
659900.0,Norte,92,3,1,2,7173
1350000.0,Setor Habitacional Vicente Pires,350,4,4,5,3857
175000.0,Taguatinga Norte,50,2,1,1,3500
1199000.0,Setor Habitacional Vicente Pires,250,3,2,5,4796
680000.0,Guara II,120,3,3,3,5667
430000.0,Setor Industrial,69,3,1,2,6232
810000.0,Setor Habitacional Vicente Pires,400,4,5,4,2025
650000.0,Regiao dos Lagos,285,4,3,4,2281
280000.0,Samambaia Norte,60,3,1,2,4667
255000.0,Jardins Mangueiral,48,2,1,1,5312
550000.0,Norte,74,3,1,2,7432
780000.0,Cruzeiro Velho,120,4,2,3,6500
640000.0,Sul,73,2,1,2,8767
650000.0,Sobradinho,225,4,3,3,2889
960000.0,Setor Habitacional Vicente Pires,245,3,2,4,3918
280000.0,Setor Leste,174,5,1,2,1609
640000.0,Setor Habitacional Vicente Pires,670,3,4,2,955
1150000.0,Areal,400,4,4,6,2875
540000.0,Norte,68,2,1,2,7941
285000.0,Jardins Mangueiral,50,2,1,1,5700
580000.0,Setor Habitacional Arniqueira,300,3,6,3,1933
200000.0,Taguatinga,56,2,1,1,3571
210000.0,Samambaia Norte,140,2,2,1,1500
1150000.0,Areal,400,4,4,6,2875
552000.0,Sul,69,3,1,2,8000
130000.0,Samambaia Sul,36,1,1,1,3611
420000.0,Setor Habitacional Jardim Botânico,180,2,3,2,2333
280000.0,Sul,34,1,1,1,8235
215000.0,Samambaia Norte,60,2,3,1,3583
1000000.0,Setor Habitacional Vicente Pires,250,4,4,2,4000
249994.0,Areal,39,1,1,1,6410
570000.0,Guara II,62,2,1,1,9194
930000.0,Setor Habitacional Samambaia,501,7,8,6,1856
145000.0,Samambaia Sul,62,2,1,1,2339
260000.0,Riacho Fundo II,150,3,2,1,1733
835000.0,Vicente Pires,400,4,6,7,2088
205000.0,Samambaia Sul,42,2,1,1,4881
600000.0,Ceilandia Sul,200,3,1,2,3000
380000.0,Riacho Fundo II,210,4,2,4,1810
115000.0,Taguatinga Norte,49,1,1,1,2347
258000.0,Guara I,41,2,1,1,6293
275000.0,Setor Habitacional Arniqueira,160,2,4,1,1719
395000.0,Sul,40,1,1,1,9875
1050000.0,Setor Habitacional Vicente Pires,320,4,4,4,3281
690000.0,Aguas Claras,107,3,2,1,6449
1300000.0,Setor Habitacional Vicente Pires,320,4,4,6,4062
1300000.0,Setor Habitacional Vicente Pires,320,4,4,6,4062
1300000.0,Setor Habitacional Vicente Pires,320,4,4,6,4062
250000.0,Guara I,42,2,1,2,5952
630000.0,Vila Sao Jose,320,4,5,4,1969
168000.0,Riacho Fundo II,52,2,1,1,3231
310000.0,Sobradinho,67,2,1,1,4627
730000.0,Setor Habitacional Jardim Botânico,240,5,7,3,3042
240000.0,Samambaia Norte,34,1,1,1,7059
250000.0,Vicente Pires,54,2,1,1,4630
200000.0,Ceilandia Norte,53,2,1,1,3774
1100000.0,Vicente Pires,450,4,2,5,2444
1404908.0,Setor Noroeste,103,3,2,3,13640
650000.0,Setor Habitacional Vicente Pires Trecho 3,180,3,2,3,3611
485000.0,Taguatinga Norte,81,3,1,2,5988
250000.0,Samambaia Sul,50,2,1,1,5000
1300000.0,Setor Habitacional Arniqueira,400,4,4,2,3250
690000.0,Sul,107,3,1,2,6449
466000.0,Norte,60,2,1,1,7767
700000.0,Taguatinga Norte,280,3,4,3,2500
300000.0,Samambaia Norte,70,3,2,1,4286
850000.0,Lago Sul,350,3,2,3,2429
195000.0,Ceilandia Sul,135,2,1,1,1444
700000.0,Area Rural de Planaltina,250,4,4,3,2800
1150000.0,Cruzeiro Velho,340,5,4,6,3382
240000.0,Sobradinho,47,2,1,1,5106
567000.0,Taguatinga Norte,300,5,4,4,1890
190000.0,Guara II,56,2,1,1,3393
1050000.0,Taguatinga Norte,210,5,5,4,5000
480000.0,Ceilandia Norte,150,3,3,2,3200
650000.0,Sul,108,3,1,2,6019
350000.0,Setor Industrial,74,3,1,2,4730
900000.0,Guara II,137,3,3,4,6569
225000.0,Taguatinga Sul,65,3,1,1,3462
590000.0,Residencial Santos Dumont,280,4,2,3,2107
260000.0,Norte,33,1,1,1,7879
559900.0,Samambaia,110,3,2,3,5090
600000.0,Norte,68,2,1,3,8824
580000.0,Taguatinga Norte,300,5,4,4,1933
1300000.0,Setor Habitacional Vicente Pires,250,3,2,5,5200
1200000.0,Setor Habitacional Vicente Pires,260,3,4,4,4615
449000.0,Sul,52,1,1,2,8635
530000.0,Guara II,63,2,1,2,8413
140000.0,Samambaia Sul,40,1,1,1,3500
525000.0,Norte,74,3,1,2,7095
650000.0,Setor Habitacional Vicente Pires,150,2,3,3,4333
270000.0,Taguatinga Sul,49,2,1,1,5510
199000.0,Norte,38,1,1,1,5237
385000.0,Norte,59,1,1,2,6525
539994.0,Norte,58,2,1,2,9310
320000.0,Ceilandia Norte,232,5,3,4,1379
179994.0,Ceilandia Norte,53,2,1,1,3396
280000.0,Taguatinga Sul,49,2,1,1,5714
1100000.0,Setor Habitacional Jardim Botânico,237,3,4,5,4641
195000.0,Samambaia Norte,49,2,1,1,3980
1300000.0,Setor Habitacional Vicente Pires,286,3,4,2,4545
680000.0,Areal,73,3,1,2,9315
330000.0,Ceilandia Norte,140,3,3,1,2357
150000.0,Samambaia Norte,52,2,1,1,2885
1092500.0,Taguatinga Sul,400,3,4,5,2731
950000.0,Setor Habitacional Arniqueira,400,3,4,3,2375
410000.0,Guara I,60,2,1,1,6833
880000.0,Setor Habitacional Vicente Pires,417,3,2,4,2110
660000.0,Norte,94,3,1,3,7021
215000.0,Asa Norte,27,1,1,1,7963
1100000.0,Setor Habitacional Jardim Botânico,406,5,2,7,2709
